Poster_Link,Title,Certificate,Runtime (min),Genre,Overview,Meta_score,Director,No_of_Votes,Gross,Year,imdbRating,imdbRatingVotes,rottenRating,metacriticRating,Actors
"https://m.media-amazon.com/images/M/MV5BM2MyNjYxNmUtYTAwNi00MTYxLWJmNWYtYzZlODY3ZTk3OTFlXkEyXkFqcGdeQXVyNzkwMjQ5NzM@._V1_.jpg",The Godfather,A,175,"Crime, Drama",An organized crime dynasty's aging patriarch transfers control of his clandestine empire to his reluctant son.,100.0,Francis Ford Coppola,1620367,"134,966,411",1972,9.2,1868934,97,100,"Marlon Brando, Al Pacino, James Caan, Diane Keaton"
"https://m.media-amazon.com/images/M/MV5BMTMxNTMwODM0NF5BMl5BanBnXkFtZTcwODAyMTk2Mw@@._V1_.jpg",The Dark Knight,UA,152,"Action, Crime, Drama","When the menace known as the Joker wreaks havoc and chaos on the people of Gotham, Batman must accept one of the greatest psychological and physical tests of his ability to fight injustice.",84.0,Christopher Nolan,2303232,"534,858,444",2008,9.0,2667813,94,84,"Christian Bale, Heath Ledger, Aaron Eckhart, Michael Caine"
"https://m.media-amazon.com/images/M/MV5BNzA5ZDNlZWMtM2NhNS00NDJjLTk4NDItYTRmY2EwMWZlMTY3XkEyXkFqcGdeQXVyNzkwMjQ5NzM@._V1_.jpg",The Lord of the Rings: The Return of the King,U,201,"Action, Adventure, Drama",Gandalf and Aragorn lead the World of Men against Sauron's army to draw his gaze from Frodo and Sam as they approach Mount Doom with the One Ring.,94.0,Peter Jackson,1642758,"377,845,905",2003,9.0,1855485,93,94,"Elijah Wood, Viggo Mortensen, Ian McKellen, Orlando Bloom"
"https://m.media-amazon.com/images/M/MV5BNGNhMDIzZTUtNTBlZi00MTRlLWFjM2ItYzViMjE3YzI5MjljXkEyXkFqcGdeQXVyNzkwMjQ5NzM@._V1_.jpg",Pulp Fiction,A,154,"Crime, Drama","The lives of two mob hitmen, a boxer, a gangster and his wife, and a pair of diner bandits intertwine in four tales of violence and redemption.",94.0,Quentin Tarantino,1826188,"107,928,762",1994,8.9,2067298,92,94,"John Travolta, Uma Thurman, Samuel L. Jackson, Bruce Willis"
"https://m.media-amazon.com/images/M/MV5BNDE4OTMxMTctNmRhYy00NWE2LTg3YzItYTk3M2UwOTU5Njg4XkEyXkFqcGdeQXVyNjU0OTQ0OTY@._V1_.jpg",Schindler's List,A,195,"Biography, Drama, History","In German-occupied Poland during World War II, industrialist Oskar Schindler gradually becomes concerned for his Jewish workforce after witnessing their persecution by the Nazis.",94.0,Steven Spielberg,1213505,"96,898,818",1993,9.0,1362192,98,94,"Liam Neeson, Ralph Fiennes, Ben Kingsley, Caroline Goodall"
"https://m.media-amazon.com/images/M/MV5BMjAxMzY3NjcxNF5BMl5BanBnXkFtZTcwNTI5OTM0Mw@@._V1_.jpg",Inception,UA,148,"Action, Adventure, Sci-Fi",A thief who steals corporate secrets through the use of dream-sharing technology is given the inverse task of planting an idea into the mind of a C.E.O.,74.0,Christopher Nolan,2067042,"292,576,195",2010,8.8,2365987,87,74,"Leonardo DiCaprio, Joseph Gordon-Levitt, Elliot Page, Ken Watanabe"
"https://m.media-amazon.com/images/M/MV5BN2EyZjM3NzUtNWUzMi00MTgxLWI0NTctMzY4M2VlOTdjZWRiXkEyXkFqcGdeQXVyNDUzOTQ5MjY@._V1_.jpg",The Lord of the Rings: The Fellowship of the Ring,U,178,"Action, Adventure, Drama",A meek Hobbit from the Shire and eight companions set out on a journey to destroy the powerful One Ring and save Middle-earth from the Dark Lord Sauron.,92.0,Peter Jackson,1661481,"315,544,750",2001,8.8,1884994,91,92,"Elijah Wood, Ian McKellen, Orlando Bloom, Sean Bean"
"https://m.media-amazon.com/images/M/MV5BNWIwODRlZTUtY2U3ZS00Yzg1LWJhNzYtMmZiYmEyNmU1NjMzXkEyXkFqcGdeQXVyMTQxNzMzNDI@._V1_.jpg",Forrest Gump,UA,142,"Drama, Romance","The presidencies of Kennedy and Johnson, the events of Vietnam, Watergate and other historical events unfold through the perspective of an Alabama man with an IQ of 75, whose only desire is to be reunited with his childhood sweetheart.",82.0,Robert Zemeckis,1809221,"330,252,182",1994,8.8,2093111,71,82,"Tom Hanks, Robin Wright, Gary Sinise, Sally Field"
"https://m.media-amazon.com/images/M/MV5BZGMxZTdjZmYtMmE2Ni00ZTdkLWI5NTgtNjlmMjBiNzU2MmI5XkEyXkFqcGdeQXVyNjU0OTQ0OTY@._V1_.jpg",The Lord of the Rings: The Two Towers,UA,179,"Action, Adventure, Drama","While Frodo and Sam edge closer to Mordor with the help of the shifty Gollum, the divided fellowship makes a stand against Sauron's new ally, Saruman, and his hordes of Isengard.",87.0,Peter Jackson,1485555,"342,551,365",2002,8.8,1676152,95,87,"Elijah Wood, Ian McKellen, Viggo Mortensen, Orlando Bloom"
"https://m.media-amazon.com/images/M/MV5BNzQzOTk3OTAtNDQ0Zi00ZTVkLWI0MTEtMDllZjNkYzNjNTc4L2ltYWdlXkEyXkFqcGdeQXVyNjU0OTQ0OTY@._V1_.jpg",The Matrix,A,136,"Action, Sci-Fi","When a beautiful stranger leads computer hacker Neo to a forbidding underworld, he discovers the shocking truth--the life he knows is the elaborate deception of an evil cyber-intelligence.",73.0,Lana Wachowski,1676426,"171,479,930",1999,8.7,1919000,88,73,"Lilly Wachowski, Keanu Reeves, Laurence Fishburne, Carrie-Anne Moss"
"https://m.media-amazon.com/images/M/MV5BYmU1NDRjNDgtMzhiMi00NjZmLTg5NGItZDNiZjU5NTU4OTE0XkEyXkFqcGdeQXVyNzkwMjQ5NzM@._V1_.jpg",Star Wars: Episode V - The Empire Strikes Back,UA,124,"Action, Adventure, Fantasy","After the Rebels are brutally overpowered by the Empire on the ice planet Hoth, Luke Skywalker begins Jedi training with Yoda, while his friends are pursued by Darth Vader and a bounty hunter named Boba Fett all over the galaxy.",82.0,Irvin Kershner,1159315,"290,475,067",1980,8.7,1299202,94,82,"Mark Hamill, Harrison Ford, Carrie Fisher, Billy Dee Williams"
"https://m.media-amazon.com/images/M/MV5BZjdkOTU3MDktN2IxOS00OGEyLWFmMjktY2FiMmZkNWIyODZiXkEyXkFqcGdeQXVyMTMxODk2OTU@._V1_.jpg",Interstellar,UA,169,"Adventure, Drama, Sci-Fi",A team of explorers travel through a wormhole in space in an attempt to ensure humanity's survival.,74.0,Christopher Nolan,1512360,"188,020,017",2014,8.6,1848774,73,74,"Matthew McConaughey, Anne Hathaway, Jessica Chastain, Mackenzie Foy"
"https://m.media-amazon.com/images/M/MV5BZjhkMDM4MWItZTVjOC00ZDRhLThmYTAtM2I5NzBmNmNlMzI1XkEyXkFqcGdeQXVyNDYyMDk5MTU@._V1_.jpg",Saving Private Ryan,R,169,"Drama, War","Following the Normandy Landings, a group of U.S. soldiers go behind enemy lines to retrieve a paratrooper whose brothers have been killed in action.",91.0,Steven Spielberg,1235804,"216,540,909",1998,8.6,1399028,94,91,"Tom Hanks, Matt Damon, Tom Sizemore, Edward Burns"
"https://m.media-amazon.com/images/M/MV5BMTUxMzQyNjA5MF5BMl5BanBnXkFtZTYwOTU2NTY3._V1_.jpg",The Green Mile,A,189,"Crime, Drama, Fantasy","The lives of guards on Death Row are affected by one of their charges: a black man accused of child murder and rape, yet who has a mysterious gift.",61.0,Frank Darabont,1147794,"136,801,374",1999,8.6,1310053,79,61,"Tom Hanks, Michael Clarke Duncan, David Morse, Bonnie Hunt"
"https://m.media-amazon.com/images/M/MV5BOTUwODM5MTctZjczMi00OTk4LTg3NWUtNmVhMTAzNTNjYjcyXkEyXkFqcGdeQXVyNjU0OTQ0OTY@._V1_.jpg",Se7en,A,127,"Crime, Drama, Mystery","Two detectives, a rookie and a veteran, hunt a serial killer who uses the seven deadly sins as his motives.",65.0,David Fincher,1445096,"100,125,643",1995,8.6,1659582,82,65,"Morgan Freeman, Brad Pitt, Kevin Spacey, Andrew Kevin Walker"
"https://m.media-amazon.com/images/M/MV5BNjNhZTk0ZmEtNjJhMi00YzFlLWE1MmEtYzM1M2ZmMGMwMTU4XkEyXkFqcGdeQXVyNjU0OTQ0OTY@._V1_.jpg",The Silence of the Lambs,A,118,"Crime, Drama, Thriller","A young F.B.I. cadet must receive the help of an incarcerated and manipulative cannibal killer to help catch another serial killer, a madman who skins his victims.",85.0,Jonathan Demme,1270197,"130,742,922",1991,8.6,1441109,95,85,"Jodie Foster, Anthony Hopkins, Lawrence A. Bonney, Kasi Lemmons"
"https://m.media-amazon.com/images/M/MV5BNGVjNWI4ZGUtNzE0MS00YTJmLWE0ZDctN2ZiYTk2YmI3NTYyXkEyXkFqcGdeQXVyMTkxNjUyNQ@@._V1_.jpg",Joker,A,122,"Crime, Drama, Thriller","In Gotham City, mentally troubled comedian Arthur Fleck is disregarded and mistreated by society. He then embarks on a downward spiral of revolution and bloody crime. This path brings him face-to-face with his alter-ego: the Joker.",59.0,Todd Phillips,939252,"335,451,311",2019,8.4,1296845,68,59,"Joaquin Phoenix, Robert De Niro, Zazie Beetz, Frances Conroy"
"https://m.media-amazon.com/images/M/MV5BMTYxNDA3MDQwNl5BMl5BanBnXkFtZTcwNTU4Mzc1Nw@@._V1_.jpg",The Intouchables,UA,112,"Biography, Comedy, Drama","After he becomes a quadriplegic from a paragliding accident, an aristocrat hires a young man from the projects to be his caregiver.",57.0,Olivier Nakache,760360,"13,182,281",2011,8.5,865411,76,57,"Éric Toledano, François Cluzet, Omar Sy, Anne Le Ny"
"https://m.media-amazon.com/images/M/MV5BMTI1MTY2OTIxNV5BMl5BanBnXkFtZTYwNjQ4NjY3._V1_.jpg",The Departed,A,151,"Crime, Drama, Thriller",An undercover cop and a mole in the police attempt to identify each other while infiltrating an Irish gang in South Boston.,85.0,Martin Scorsese,1189773,"132,384,315",2006,8.5,1330783,90,85,"Leonardo DiCaprio, Matt Damon, Jack Nicholson, Mark Wahlberg"
"https://m.media-amazon.com/images/M/MV5BMDliMmNhNDEtODUyOS00MjNlLTgxODEtN2U3NzIxMGVkZTA1L2ltYWdlXkEyXkFqcGdeQXVyNjU0OTQ0OTY@._V1_.jpg",Gladiator,UA,155,"Action, Adventure, Drama",A former Roman General sets out to exact vengeance against the corrupt emperor who murdered his family and sent him into slavery.,67.0,Ridley Scott,1341460,"187,705,427",2000,8.5,1508916,79,67,"Russell Crowe, Joaquin Phoenix, Connie Nielsen, Oliver Reed"
"https://m.media-amazon.com/images/M/MV5BYTYxNGMyZTYtMjE3MS00MzNjLWFjNmYtMDk3N2FmM2JiM2M1XkEyXkFqcGdeQXVyNjY5NDU4NzI@._V1_.jpg",The Lion King,U,88,"Animation, Adventure, Drama","Lion prince Simba and his father are targeted by his bitter uncle, who wants to ascend the throne himself.",88.0,Roger Allers,942045,"422,783,777",1994,8.5,1063065,93,88,"Rob Minkoff, Matthew Broderick, Jeremy Irons, James Earl Jones"
"https://m.media-amazon.com/images/M/MV5BYTYxNGMyZTYtMjE3MS00MzNjLWFjNmYtMDk3N2FmM2JiM2M1XkEyXkFqcGdeQXVyNjY5NDU4NzI@._V1_.jpg",The Lion King,U,88,"Animation, Adventure, Drama","Lion prince Simba and his father are targeted by his bitter uncle, who wants to ascend the throne himself.",88.0,Roger Allers,942045,"422,783,777",1994,8.5,1063065,93,88,"Rob Minkoff, Matthew Broderick, Jeremy Irons, James Earl Jones"
"https://m.media-amazon.com/images/M/MV5BMGU2NzRmZjUtOGUxYS00ZjdjLWEwZWItY2NlM2JhNjkxNTFmXkEyXkFqcGdeQXVyNjU0OTQ0OTY@._V1_.jpg",Terminator 2: Judgment Day,U,137,"Action, Sci-Fi","A cyborg, identical to the one who failed to kill Sarah Connor, must now protect her teenage son, John Connor, from a more advanced and powerful cyborg.",75.0,James Cameron,995506,"204,843,350",1991,8.6,1105436,93,75,"Arnold Schwarzenegger, Linda Hamilton, Edward Furlong, Robert Patrick"
"https://m.media-amazon.com/images/M/MV5BZmU0M2Y1OGUtZjIxNi00ZjBkLTg1MjgtOWIyNThiZWIwYjRiXkEyXkFqcGdeQXVyMTQxNzMzNDI@._V1_.jpg",Back to the Future,U,116,"Adventure, Comedy, Sci-Fi","Marty McFly, a 17-year-old high school student, is accidentally sent thirty years into the past in a time-traveling DeLorean invented by his close friend, the eccentric scientist Doc Brown.",87.0,Robert Zemeckis,1058081,"210,609,762",1985,8.5,1213593,97,87,"Michael J. Fox, Christopher Lloyd, Lea Thompson, Crispin Glover"
"https://m.media-amazon.com/images/M/MV5BMTQ4MzQzMzM2Nl5BMl5BanBnXkFtZTgwMTQ1NzU3MDI@._V1_.jpg",Dangal,U,161,"Action, Biography, Drama",Former wrestler Mahavir Singh Phogat and his two wrestler daughters struggle towards glory at the Commonwealth Games in the face of societal oppression.,79.0,Nitesh Tiwari,156479,"12,391,761",2016,8.3,193860,88,71,"Aamir Khan, Sakshi Tanwar, Fatima Sana Shaikh, Sanya Malhotra"
"https://m.media-amazon.com/images/M/MV5BMjMwNDkxMTgzOF5BMl5BanBnXkFtZTgwNTkwNTQ3NjM@._V1_.jpg",Spider-Man: Into the Spider-Verse,U,117,"Animation, Action, Adventure","Teen Miles Morales becomes the Spider-Man of his universe, and must join with five spider-powered individuals from other dimensions to stop a threat for all realities.",87.0,Bob Persichetti,375110,"190,241,310",2018,8.4,539616,97,87,"Peter Ramsey, Rodney Rothman, Shameik Moore, Jake Johnson"
"https://m.media-amazon.com/images/M/MV5BMTc5MDE2ODcwNV5BMl5BanBnXkFtZTgwMzI2NzQ2NzM@._V1_.jpg",Avengers: Endgame,UA,181,"Action, Adventure, Drama","After the devastating events of Avengers: Infinity War (2018), the universe is in ruins. With the help of remaining allies, the Avengers assemble once more in order to reverse Thanos' actions and restore balance to the universe.",78.0,Anthony Russo,809955,"858,373,000",2019,8.4,1141629,94,78,"Joe Russo, Robert Downey Jr., Chris Evans, Mark Ruffalo"
"https://m.media-amazon.com/images/M/MV5BMjMxNjY2MDU1OV5BMl5BanBnXkFtZTgwNzY1MTUwNTM@._V1_.jpg",Avengers: Infinity War,UA,149,"Action, Adventure, Sci-Fi",The Avengers and their allies must be willing to sacrifice all in an attempt to defeat the powerful Thanos before his blitz of devastation and ruin puts an end to the universe.,68.0,Anthony Russo,834477,"678,815,482",2018,8.4,1090272,85,68,"Joe Russo, Robert Downey Jr., Chris Hemsworth, Mark Ruffalo"
"https://m.media-amazon.com/images/M/MV5BYjQ5NjM0Y2YtNjZkNC00ZDhkLWJjMWItN2QyNzFkMDE3ZjAxXkEyXkFqcGdeQXVyODIxMzk5NjA@._V1_.jpg",Coco,U,105,"Animation, Adventure, Family","Aspiring musician Miguel, confronted with his family's ancestral ban on music, enters the Land of the Dead to find his great-great-grandfather, a legendary singer.",81.0,Lee Unkrich,384171,"209,726,015",2017,8.4,515671,97,81,"Adrian Molina, Anthony Gonzalez, Gael García Bernal, Benjamin Bratt"
"https://m.media-amazon.com/images/M/MV5BMjIyNTQ5NjQ1OV5BMl5BanBnXkFtZTcwODg1MDU4OA@@._V1_.jpg",Django Unchained,A,165,"Drama, Western","With the help of a German bounty hunter, a freed slave sets out to rescue his wife from a brutal Mississippi plantation owner.",81.0,Quentin Tarantino,1357682,"162,805,434",2012,8.4,1565192,87,81,"Jamie Foxx, Christoph Waltz, Leonardo DiCaprio, Kerry Washington"
"https://m.media-amazon.com/images/M/MV5BMTk4ODQzNDY3Ml5BMl5BanBnXkFtZTcwODA0NTM4Nw@@._V1_.jpg",The Dark Knight Rises,UA,164,"Action, Adventure","Eight years after the Joker's reign of anarchy, Batman, with the help of the enigmatic Catwoman, is forced from his exile to save Gotham City from the brutal guerrilla terrorist Bane.",78.0,Christopher Nolan,1516346,"448,139,099",2012,8.4,1710547,87,78,"Christian Bale, Tom Hardy, Anne Hathaway, Gary Oldman"
"https://m.media-amazon.com/images/M/MV5BMjExMTg5OTU0NF5BMl5BanBnXkFtZTcwMjMxMzMzMw@@._V1_.jpg",WALL·E,U,98,"Animation, Adventure, Family","In the distant future, a small waste-collecting robot inadvertently embarks on a space journey that will ultimately decide the fate of mankind.",95.0,Andrew Stanton,999790,"223,808,164",2008,8.4,1123158,95,95,"Ben Burtt, Elissa Knight, Jeff Garlin, Fred Willard"
"https://m.media-amazon.com/images/M/MV5BOTdmNTFjNDEtNzg0My00ZjkxLTg1ZDAtZTdkMDc2ZmFiNWQ1XkEyXkFqcGdeQXVyNTAzNzgwNTg@._V1_.jpg",1917,R,119,"Drama, Thriller, War","April 6th, 1917. As a regiment assembles to wage war deep in enemy territory, two soldiers are assigned to race against time and deliver a message that will stop 1,600 men from walking straight into a deadly trap.",78.0,Sam Mendes,425844,"159,227,644",2019,8.2,599340,89,78,"Dean-Charles Chapman, George MacKay, Daniel Mays, Colin Firth"
"https://m.media-amazon.com/images/M/MV5BOTJiNDEzOWYtMTVjOC00ZjlmLWE0NGMtZmE1OWVmZDQ2OWJhXkEyXkFqcGdeQXVyNTIzOTk5ODM@._V1_.jpg",Inglourious Basterds,A,153,"Adventure, Drama, War","In Nazi-occupied France during World War II, a plan to assassinate Nazi leaders by a group of Jewish U.S. soldiers coincides with a theatre owner's vengeful plans for the same.",69.0,Quentin Tarantino,1267869,"120,540,719",2009,8.3,1460154,89,69,"Brad Pitt, Diane Kruger, Eli Roth, Mélanie Laurent"
"https://m.media-amazon.com/images/M/MV5BNTBmZWJkNjctNDhiNC00MGE2LWEwOTctZTk5OGVhMWMyNmVhXkEyXkFqcGdeQXVyMTMxODk2OTU@._V1_.jpg",American Beauty,UA,122,Drama,A sexually frustrated suburban father has a mid-life crisis after becoming infatuated with his daughter's best friend.,84.0,Sam Mendes,1069738,"130,096,601",1999,8.4,1160488,87,84,"Kevin Spacey, Annette Bening, Thora Birch, Wes Bentley"
"https://m.media-amazon.com/images/M/MV5BOTI0MzcxMTYtZDVkMy00NjY1LTgyMTYtZmUxN2M3NmQ2NWJhXkEyXkFqcGdeQXVyMTQxNzMzNDI@._V1_.jpg",Good Will Hunting,U,126,"Drama, Romance","Will Hunting, a janitor at M.I.T., has a gift for mathematics, but needs help from a psychologist to find direction in his life.",70.0,Gus Van Sant,861606,"138,433,435",1997,8.3,979917,97,70,"Robin Williams, Matt Damon, Ben Affleck, Stellan Skarsgård"
"https://m.media-amazon.com/images/M/MV5BMDU2ZWJlMjktMTRhMy00ZTA5LWEzNDgtYmNmZTEwZTViZWJkXkEyXkFqcGdeQXVyNDQ2OTk4MzI@._V1_.jpg",Toy Story,U,81,"Animation, Adventure, Comedy",A cowboy doll is profoundly threatened and jealous when a new spaceman figure supplants him as top toy in a boy's room.,95.0,John Lasseter,887429,"191,796,233",1995,8.3,1000058,100,96,"Tom Hanks, Tim Allen, Don Rickles, Jim Varney"
"https://m.media-amazon.com/images/M/MV5BMzkzMmU0YTYtOWM3My00YzBmLWI0YzctOGYyNTkwMWE5MTJkXkEyXkFqcGdeQXVyNzkwMjQ5NzM@._V1_.jpg",Braveheart,A,178,"Biography, Drama, History",Scottish warrior William Wallace leads his countrymen in a rebellion to free his homeland from the tyranny of King Edward I of England.,68.0,Mel Gibson,959181,"75,600,000",1995,8.4,1042953,75,68,"Mel Gibson, Sophie Marceau, Patrick McGoohan, Angus Macfadyen"
"https://m.media-amazon.com/images/M/MV5BOWZlMjFiYzgtMTUzNC00Y2IzLTk1NTMtZmNhMTczNTk0ODk1XkEyXkFqcGdeQXVyNTAyODkwOQ@@._V1_.jpg",Star Wars: Episode VI - Return of the Jedi,U,131,"Action, Adventure, Fantasy","After a daring mission to rescue Han Solo from Jabba the Hutt, the Rebels dispatch to Endor to destroy the second Death Star. Meanwhile, Luke struggles to help Darth Vader back from the dark side without falling into the Emperor's trap.",58.0,Richard Marquand,950470,"309,125,409",1983,8.3,1060319,83,58,"Mark Hamill, Harrison Ford, Carrie Fisher, Billy Dee Williams"
"https://m.media-amazon.com/images/M/MV5BYzIzYmJlYTYtNGNiYy00N2EwLTk4ZjItMGYyZTJiOTVkM2RlXkEyXkFqcGdeQXVyODY1NDk1NjE@._V1_.jpg",Green Book,UA,130,"Biography, Comedy, Drama",A working-class Italian-American bouncer becomes the driver of an African-American classical pianist on a tour of venues through the 1960s American South.,69.0,Peter Farrelly,377884,"85,080,171",2018,8.2,499588,77,69,"Viggo Mortensen, Mahershala Ali, Linda Cardellini, Sebastian Maniscalco"
"https://m.media-amazon.com/images/M/MV5BOGNlNmRkMjctNDgxMC00NzFhLWIzY2YtZDk3ZDE0NWZhZDBlXkEyXkFqcGdeQXVyODIwMDI1NjM@._V1_.jpg",Baahubali 2: The Conclusion,UA,167,"Action, Drama","When Shiva, the son of Bahubali, learns about his heritage, he begins to look for answers. His story is juxtaposed with past events that unfolded in the Mahishmati Kingdom.",79.0,S.S. Rajamouli,75348,"20,186,659",2017,8.2,103416,87,60,"Prabhas, Rana Daggubati, Anushka Shetty, Tamannaah Bhatia"
"https://m.media-amazon.com/images/M/MV5BYzhiNDkyNzktNTZmYS00ZTBkLTk2MDAtM2U0YjU1MzgxZjgzXkEyXkFqcGdeQXVyMTMxODk2OTU@._V1_.jpg",Shutter Island,A,138,"Mystery, Thriller","In 1954, a U.S. Marshal investigates the disappearance of a murderer who escaped from a hospital for the criminally insane.",63.0,Martin Scorsese,1129894,"128,012,934",2010,8.2,1323223,68,63,"Leonardo DiCaprio, Emily Mortimer, Mark Ruffalo, Ben Kingsley"
"https://m.media-amazon.com/images/M/MV5BMTk3NDE2NzI4NF5BMl5BanBnXkFtZTgwNzE1MzEyMTE@._V1_.jpg",Up,U,96,"Animation, Adventure, Comedy","78-year-old Carl Fredricksen travels to Paradise Falls in his house equipped with balloons, inadvertently taking a young stowaway.",88.0,Pete Docter,935507,"293,004,164",2009,8.3,1048998,98,88,"Bob Peterson, Edward Asner, Jordan Nagai, John Ratzenberger"
"https://m.media-amazon.com/images/M/MV5BMjIxMjgxNTk0MF5BMl5BanBnXkFtZTgwNjIyOTg2MDE@._V1_.jpg",The Wolf of Wall Street,A,180,"Biography, Crime, Drama","Based on the true story of Jordan Belfort, from his rise to a wealthy stock-broker living the high life to his fall involving crime, corruption and the federal government.",75.0,Martin Scorsese,1187498,"116,900,694",2013,8.2,1423836,80,75,"Leonardo DiCaprio, Jonah Hill, Margot Robbie, Matthew McConaughey"
"https://m.media-amazon.com/images/M/MV5BMTgxOTY4Mjc0MF5BMl5BanBnXkFtZTcwNTA4MDQyMw@@._V1_.jpg",Toy Story 3,U,103,"Animation, Adventure, Comedy","The toys are mistakenly delivered to a day-care center instead of the attic right before Andy leaves for college, and it's up to Woody to convince the other toys that they weren't abandoned and to return home.",92.0,Lee Unkrich,757032,"415,004,880",2010,8.3,841546,98,92,"Tom Hanks, Tim Allen, Joan Cusack, Ned Beatty"
"https://m.media-amazon.com/images/M/MV5BOTY4YjI2N2MtYmFlMC00ZjcyLTg3YjEtMDQyM2ZjYzQ5YWFkXkEyXkFqcGdeQXVyMTQxNzMzNDI@._V1_.jpg",Batman Begins,UA,140,"Action, Adventure","After training with his mentor, Batman begins his fight to free crime-ridden Gotham City from corruption.",70.0,Christopher Nolan,1308302,"206,852,432",2005,8.2,1476450,84,70,"Christian Bale, Michael Caine, Ken Watanabe, Liam Neeson"
"https://m.media-amazon.com/images/M/MV5BMzcwYWFkYzktZjAzNC00OGY1LWI4YTgtNzc5MzVjMDVmNjY0XkEyXkFqcGdeQXVyMTQxNzMzNDI@._V1_.jpg",A Beautiful Mind,UA,135,"Biography, Drama","After John Nash, a brilliant but asocial mathematician, accepts secret work in cryptography, his life takes a turn for the nightmarish.",72.0,Ron Howard,848920,"170,742,341",2001,8.2,938491,74,72,"Russell Crowe, Ed Harris, Jennifer Connelly, Christopher Plummer"
"https://m.media-amazon.com/images/M/MV5BNGMwNzUwNjYtZWM5NS00YzMyLWI4NjAtNjM0ZDBiMzE1YWExXkEyXkFqcGdeQXVyNDk3NzU2MTQ@._V1_.jpg",Heat,A,170,"Crime, Drama, Thriller",A group of professional bank robbers start to feel the heat from police when they unknowingly leave a clue at their latest heist.,76.0,Michael Mann,577113,"67,436,818",1995,8.3,661200,88,76,"Al Pacino, Robert De Niro, Val Kilmer, Jon Voight"
"https://m.media-amazon.com/images/M/MV5BMjNkMzc2N2QtNjVlNS00ZTk5LTg0MTgtODY2MDAwNTMwZjBjXkEyXkFqcGdeQXVyNDk3NzU2MTQ@._V1_.jpg",Indiana Jones and the Last Crusade,U,127,"Action, Adventure","In 1938, after his father Professor Henry Jones, Sr. goes missing while pursuing the Holy Grail, Professor Henry ""Indiana"" Jones, Jr. finds himself up against Adolf Hitler's Nazis again to stop them from obtaining its powers.",65.0,Steven Spielberg,692366,"197,171,806",1989,8.2,760524,88,65,"Harrison Ford, Sean Connery, Alison Doody, Denholm Elliott"
"https://m.media-amazon.com/images/M/MV5BYzc5MTU4N2EtYTkyMi00NjdhLTg3NWEtMTY4OTEyMzJhZTAzXkEyXkFqcGdeQXVyNjc1NTYyMjg@._V1_.jpg",Logan,A,137,"Action, Drama, Sci-Fi","In a future where mutants are nearly extinct, an elderly and weary Logan leads a quiet life. But when Laura, a mutant child pursued by scientists, comes to him for help, he must get her to safety.",77.0,James Mangold,647884,"226,277,068",2017,8.1,770520,94,77,"Hugh Jackman, Patrick Stewart, Dafne Keen, Boyd Holbrook"
"https://m.media-amazon.com/images/M/MV5BMTk0MDQ3MzAzOV5BMl5BanBnXkFtZTgwNzU1NzE3MjE@._V1_.jpg",Gone Girl,A,149,"Drama, Mystery, Thriller","With his wife's disappearance having become the focus of an intense media circus, a man sees the spotlight turned on him when it's suspected that he may not be innocent.",79.0,David Fincher,859695,"167,767,189",2014,8.1,991153,88,79,"Ben Affleck, Rosamund Pike, Neil Patrick Harris, Tyler Perry"
"https://m.media-amazon.com/images/M/MV5BMjQ1NjM3MTUxNV5BMl5BanBnXkFtZTgwMDc5MTY5OTE@._V1_.jpg",Hacksaw Ridge,A,139,"Biography, Drama, History","World War II American Army Medic Desmond T. Doss, who served during the Battle of Okinawa, refuses to kill people, and becomes the first man in American history to receive the Medal of Honor without firing a shot.",71.0,Mel Gibson,435928,"67,209,615",2016,8.1,534145,84,71,"Andrew Garfield, Sam Worthington, Luke Bracey, Teresa Palmer"
"https://m.media-amazon.com/images/M/MV5BOTgxMDQwMDk0OF5BMl5BanBnXkFtZTgwNjU5OTg2NDE@._V1_.jpg",Inside Out,U,95,"Animation, Adventure, Comedy","After young Riley is uprooted from her Midwest life and moved to San Francisco, her emotions - Joy, Fear, Anger, Disgust and Sadness - conflict on how best to navigate a new city, house, and school.",94.0,Pete Docter,616228,"356,461,711",2015,8.2,720717,98,94,"Ronnie Del Carmen, Amy Poehler, Bill Hader, Lewis Black"
"https://m.media-amazon.com/images/M/MV5BMjExMTEzODkyN15BMl5BanBnXkFtZTcwNTU4NTc4OQ@@._V1_.jpg",12 Years a Slave,A,134,"Biography, Drama, History","In the antebellum United States, Solomon Northup, a free black man from upstate New York, is abducted and sold into slavery.",96.0,Steve McQueen,640533,"56,671,993",2013,8.1,705875,95,96,"Chiwetel Ejiofor, Michael Kenneth Williams, Michael Fassbender, Brad Pitt"
"https://m.media-amazon.com/images/M/MV5BM2UwMDVmMDItM2I2Yi00NGZmLTk4ZTUtY2JjNTQ3OGQ5ZjM2XkEyXkFqcGdeQXVyMTA1OTYzOTUx._V1_.jpg",Ford v Ferrari,UA,152,"Action, Biography, Drama",American car designer Carroll Shelby and driver Ken Miles battle corporate interference and the laws of physics to build a revolutionary race car for Ford in order to defeat Ferrari at the 24 Hours of Le Mans in 1966.,81.0,James Mangold,291289,"117,624,028",2019,8.1,400889,92,81,"Matt Damon, Christian Bale, Jon Bernthal, Caitriona Balfe"
"https://m.media-amazon.com/images/M/MV5BN2EwM2I5OWMtMGQyMi00Zjg1LWJkNTctZTdjYTA4OGUwZjMyXkEyXkFqcGdeQXVyMTMxODk2OTU@._V1_.jpg",Mad Max: Fury Road,UA,120,"Action, Adventure, Sci-Fi","In a post-apocalyptic wasteland, a woman rebels against a tyrannical ruler in search for her homeland with the aid of a group of female prisoners, a psychotic worshiper, and a drifter named Max.",90.0,George Miller,882316,"154,058,340",2015,8.1,1010387,97,90,"Tom Hardy, Charlize Theron, Nicholas Hoult, Zoë Kravitz"
"https://m.media-amazon.com/images/M/MV5BMTc5NTk2OTU1Nl5BMl5BanBnXkFtZTcwMDc3NjAwMg@@._V1_.jpg",Gran Torino,R,116,Drama,"Disgruntled Korean War veteran Walt Kowalski sets out to reform his neighbor, Thao Lor, a Hmong teenager who tried to steal Kowalski's prized possession: a 1972 Gran Torino.",72.0,Clint Eastwood,720450,"148,095,302",2008,8.1,780886,81,72,"Clint Eastwood, Bee Vang, Christopher Carley, Ahney Her"
"https://m.media-amazon.com/images/M/MV5BMGVmMWNiMDktYjQ0Mi00MWIxLTk0N2UtN2ZlYTdkN2IzNDNlXkEyXkFqcGdeQXVyODE5NzE3OTE@._V1_.jpg",Harry Potter and the Deathly Hallows: Part 2,UA,130,"Adventure, Drama, Fantasy","Harry, Ron, and Hermione search for Voldemort's remaining Horcruxes in their effort to destroy the Dark Lord as the final battle rages on at Hogwarts.",85.0,David Yates,764493,"381,011,219",2011,8.1,882427,96,85,"Daniel Radcliffe, Emma Watson, Rupert Grint, Michael Gambon"
"https://m.media-amazon.com/images/M/MV5BMjA5NDQyMjc2NF5BMl5BanBnXkFtZTcwMjg5ODcyMw@@._V1_.jpg",How to Train Your Dragon,U,98,"Animation, Action, Adventure","A hapless young Viking who aspires to hunt dragons becomes the unlikely friend of a young dragon himself, and learns there may be more to the creatures than he assumed.",75.0,Dean DeBlois,666773,"217,581,231",2010,8.1,746809,99,75,"Chris Sanders, Jay Baruchel, Gerard Butler, Christopher Mintz-Plasse"
"https://m.media-amazon.com/images/M/MV5BMTkxNzA1NDQxOV5BMl5BanBnXkFtZTcwNTkyMTIzMw@@._V1_.jpg",Million Dollar Baby,UA,132,"Drama, Sport",A determined woman works with a hardened boxing trainer to become a professional.,86.0,Clint Eastwood,635975,"100,492,203",2004,8.1,690777,90,86,"Hilary Swank, Clint Eastwood, Morgan Freeman, Jay Baruchel"
"https://m.media-amazon.com/images/M/MV5BNzM3NDFhYTAtYmU5Mi00NGRmLTljYjgtMDkyODQ4MjNkMGY2XkEyXkFqcGdeQXVyNzkwMjQ5NzM@._V1_.jpg",Kill Bill: Vol. 1,R,111,"Action, Crime, Drama","After awakening from a four-year coma, a former assassin wreaks vengeance on the team of assassins who betrayed her.",69.0,Quentin Tarantino,1000639,"70,099,045",2003,8.2,1120738,85,69,"Uma Thurman, David Carradine, Daryl Hannah, Michael Madsen"
"https://m.media-amazon.com/images/M/MV5BZTAzNWZlNmUtZDEzYi00ZjA5LWIwYjEtZGM1NWE1MjE4YWRhXkEyXkFqcGdeQXVyNjU0OTQ0OTY@._V1_.jpg",Finding Nemo,U,100,"Animation, Adventure, Comedy","After his son is captured in the Great Barrier Reef and taken to Sydney, a timid clownfish sets out on a journey to bring him home.",90.0,Andrew Stanton,949565,"380,843,261",2003,8.2,1050222,99,90,"Lee Unkrich, Albert Brooks, Ellen DeGeneres, Alexander Gould"
"https://m.media-amazon.com/images/M/MV5BMTY5MzYzNjc5NV5BMl5BanBnXkFtZTYwNTUyNTc2._V1_.jpg",Catch Me If You Can,A,141,"Biography, Crime, Drama","Barely 21 yet, Frank is a skilled forger who has passed as a doctor, lawyer and pilot. FBI agent Carl becomes obsessed with tracking down the con man, who only revels in the pursuit.",75.0,Steven Spielberg,832846,"164,615,351",2002,8.1,995005,96,75,"Leonardo DiCaprio, Tom Hanks, Christopher Walken, Martin Sheen"
"https://m.media-amazon.com/images/M/MV5BMTY1NTI0ODUyOF5BMl5BanBnXkFtZTgwNTEyNjQ0MDE@._V1_.jpg","Monsters, Inc.",U,92,"Animation, Adventure, Comedy","In order to power the city, monsters have to scare children so that they scream. However, the children are toxic to the monsters, and after a child gets through, 2 monsters realize things may not be what they think.",79.0,Pete Docter,815505,"289,916,256",2001,8.1,913591,96,79,"David Silverman, Lee Unkrich, Billy Crystal, John Goodman"
"https://m.media-amazon.com/images/M/MV5BMWM4NTFhYjctNzUyNi00NGMwLTk3NTYtMDIyNTZmMzRlYmQyXkEyXkFqcGdeQXVyMTAwMzUyOTc@._V1_.jpg",The Sixth Sense,A,107,"Drama, Mystery, Thriller",A boy who communicates with spirits seeks the help of a disheartened child psychologist.,64.0,M. Night Shyamalan,911573,"293,506,292",1999,8.2,997722,86,64,"Bruce Willis, Haley Joel Osment, Toni Collette, Olivia Williams"
"https://m.media-amazon.com/images/M/MV5BMDIzODcyY2EtMmY2MC00ZWVlLTgwMzAtMjQwOWUyNmJjNTYyXkEyXkFqcGdeQXVyNDk3NzU2MTQ@._V1_.jpg",The Truman Show,U,103,"Comedy, Drama",An insurance salesman discovers his whole life is actually a reality TV show.,90.0,Peter Weir,939631,"125,618,201",1998,8.2,1091304,95,90,"Jim Carrey, Ed Harris, Laura Linney, Noah Emmerich"
"https://m.media-amazon.com/images/M/MV5BMjM2MDgxMDg0Nl5BMl5BanBnXkFtZTgwNTM2OTM5NDE@._V1_.jpg",Jurassic Park,UA,127,"Action, Adventure, Sci-Fi",A pragmatic paleontologist visiting an almost complete theme park is tasked with protecting a couple of kids after a power failure causes the park's cloned dinosaurs to run loose.,68.0,Steven Spielberg,867615,"402,453,882",1993,8.2,996000,91,68,"Sam Neill, Laura Dern, Jeff Goldblum, Richard Attenborough"
"https://m.media-amazon.com/images/M/MV5BOGYwYWNjMzgtNGU4ZC00NWQ2LWEwZjUtMzE1Zjc3NjY3YTU1XkEyXkFqcGdeQXVyMTQxNzMzNDI@._V1_.jpg",Dead Poets Society,U,128,"Comedy, Drama",Maverick teacher John Keating uses poetry to embolden his boarding school students to new heights of self-expression.,79.0,Peter Weir,425457,"95,860,116",1989,8.1,497496,84,79,"Robin Williams, Robert Sean Leonard, Ethan Hawke, Josh Charles"
"https://m.media-amazon.com/images/M/MV5BYjUyZWZkM2UtMzYxYy00ZmQ3LWFmZTQtOGE2YjBkNjA3YWZlXkEyXkFqcGdeQXVyNzkwMjQ5NzM@._V1_.jpg",Gone with the Wind,U,238,"Drama, History, Romance",A manipulative woman and a roguish man conduct a turbulent romance during the American Civil War and Reconstruction periods.,97.0,Victor Fleming,290074,"198,676,459",1939,8.2,318514,90,97,"George Cukor, Sam Wood, Clark Gable, Vivien Leigh"
"https://m.media-amazon.com/images/M/MV5BMzUzNDM2NzM2MV5BMl5BanBnXkFtZTgwNTM3NTg4OTE@._V1_.jpg",La La Land,A,128,"Comedy, Drama, Music","While navigating their careers in Los Angeles, a pianist and an actress fall in love while attempting to reconcile their aspirations for the future.",94.0,Damien Chazelle,505918,"151,101,803",2016,8.0,597208,91,94,"Ryan Gosling, Emma Stone, Rosemarie DeWitt, J.K. Simmons"
"https://m.media-amazon.com/images/M/MV5BMTc2MTQ3MDA1Nl5BMl5BanBnXkFtZTgwODA3OTI4NjE@._V1_.jpg",The Martian,UA,144,"Adventure, Drama, Sci-Fi","An astronaut becomes stranded on Mars after his team assume him dead, and must rely on his ingenuity to find a way to signal to Earth that he is alive.",80.0,Ridley Scott,760094,"228,433,663",2015,8.0,862737,91,80,"Matt Damon, Jessica Chastain, Kristen Wiig, Kate Mara"
"https://m.media-amazon.com/images/M/MV5BOTMyMjEyNzIzMV5BMl5BanBnXkFtZTgwNzIyNjU0NzE@._V1_.jpg",Zootopia,U,108,"Animation, Adventure, Comedy","In a city of anthropomorphic animals, a rookie bunny cop and a cynical con artist fox must work together to uncover a conspiracy.",78.0,Byron Howard,434143,"341,268,248",2016,8.0,504900,98,78,"Rich Moore, Jared Bush, Ginnifer Goodwin, Jason Bateman"
"https://m.media-amazon.com/images/M/MV5BYjFhOWY0OTgtNDkzMC00YWJkLTk1NGEtYWUxNjhmMmQ5ZjYyXkEyXkFqcGdeQXVyMjMxOTE0ODA@._V1_.jpg",Wonder,U,113,"Drama, Family","Based on the New York Times bestseller, this movie tells the incredibly inspiring and heartwarming story of August Pullman, a boy with facial differences who enters the fifth grade, attending a mainstream elementary school for the first time.",66.0,Stephen Chbosky,141923,"132,422,809",2017,7.9,167146,85,66,"Jacob Tremblay, Owen Wilson, Izabela Vidovic, Julia Roberts"
"https://m.media-amazon.com/images/M/MV5BOTgwMzFiMWYtZDhlNS00ODNkLWJiODAtZDVhNzgyNzJhYjQ4L2ltYWdlXkEyXkFqcGdeQXVyNzEzOTYxNTQ@._V1_.jpg",The Imitation Game,UA,114,"Biography, Drama, Thriller","During World War II, the English mathematical genius Alan Turing tries to crack the German Enigma code with help from fellow mathematicians.",73.0,Morten Tyldum,685201,"91,125,683",2014,8.0,776268,90,71,"Benedict Cumberbatch, Keira Knightley, Matthew Goode, Allen Leech"
"https://m.media-amazon.com/images/M/MV5BMTAwMjU5OTgxNjZeQTJeQWpwZ15BbWU4MDUxNDYxODEx._V1_.jpg",Guardians of the Galaxy,UA,121,"Action, Adventure, Comedy",A group of intergalactic criminals must pull together to stop a fanatical warrior with plans to purge the universe.,76.0,James Gunn,1043455,"333,176,600",2014,8.0,1187126,92,76,"Chris Pratt, Vin Diesel, Bradley Cooper, Zoe Saldana"
"https://m.media-amazon.com/images/M/MV5BNzA1Njg4NzYxOV5BMl5BanBnXkFtZTgwODk5NjU3MzI@._V1_.jpg",Blade Runner 2049,UA,164,"Action, Drama, Mystery","Young Blade Runner K's discovery of a long-buried secret leads him to track down former Blade Runner Rick Deckard, who's been missing for thirty years.",81.0,Denis Villeneuve,461823,"92,054,159",2017,8.0,582904,88,81,"Harrison Ford, Ryan Gosling, Ana de Armas, Dave Bautista"
"https://m.media-amazon.com/images/M/MV5BMTA2NDc3Njg5NDVeQTJeQWpwZ15BbWU4MDc1NDcxNTUz._V1_.jpg",Bohemian Rhapsody,UA,134,"Biography, Drama, Music","The story of the legendary British rock band Queen and lead singer Freddie Mercury, leading up to their famous performance at Live Aid (1985).",49.0,Bryan Singer,450349,"216,428,042",2018,7.9,543721,60,49,"Rami Malek, Lucy Boynton, Gwilym Lee, Ben Hardy"
"https://m.media-amazon.com/images/M/MV5BMDE5OWMzM2QtOTU2ZS00NzAyLWI2MDEtOTRlYjIxZGM0OWRjXkEyXkFqcGdeQXVyODE5NzE3OTE@._V1_.jpg",The Revenant,A,156,"Action, Adventure, Drama",A frontiersman on a fur trading expedition in the 1820s fights for survival after being mauled by a bear and left for dead by members of his own hunting team.,76.0,Alejandro G. Iñárritu,705589,"183,637,894",2015,8.0,810506,78,76,"Leonardo DiCaprio, Tom Hardy, Will Poulter, Domhnall Gleeson"
"https://m.media-amazon.com/images/M/MV5BMzU5MjEwMTg2Nl5BMl5BanBnXkFtZTcwNzM3MTYxNA@@._V1_.jpg",The King's Speech,U,118,"Biography, Drama, History","The story of King George VI, his impromptu ascension to the throne of the British Empire in 1936, and the speech therapist who helped the unsure monarch overcome his stammer.",88.0,Tom Hooper,639603,"138,797,449",2010,8.0,684097,94,88,"Colin Firth, Geoffrey Rush, Helena Bonham Carter, Derek Jacobi"
"https://m.media-amazon.com/images/M/MV5BMTM5OTMyMjIxOV5BMl5BanBnXkFtZTcwNzU4MjIwNQ@@._V1_.jpg",The Help,UA,146,Drama,"An aspiring author during the civil rights movement of the 1960s decides to write a book detailing the African American maids' point of view on the white families for which they work, and the hardships they go through on a daily basis.",62.0,Tate Taylor,428521,"169,708,112",2011,8.1,463375,76,62,"Emma Stone, Viola Davis, Octavia Spencer, Bryce Dallas Howard"
"https://m.media-amazon.com/images/M/MV5BYzE5MjY1ZDgtMTkyNC00MTMyLThhMjAtZGI5OTE1NzFlZGJjXkEyXkFqcGdeQXVyNjU0OTQ0OTY@._V1_.jpg",Deadpool,R,108,"Action, Adventure, Comedy","A wisecracking mercenary gets experimented on and becomes immortal but ugly, and sets out to track down the man who ruined his looks.",65.0,Tim Miller,902669,"363,070,709",2016,8.0,1046002,85,65,"Ryan Reynolds, Morena Baccarin, T.J. Miller, Ed Skrein"
"https://m.media-amazon.com/images/M/MV5BZmNjZWI3NzktYWI1Mi00OTAyLWJkNTYtMzUwYTFlZDA0Y2UwXkEyXkFqcGdeQXVyNjU0OTQ0OTY@._V1_.jpg",Slumdog Millionaire,UA,120,"Drama, Romance","A Mumbai teenager reflects on his life after being accused of cheating on the Indian version of ""Who Wants to be a Millionaire?"".",84.0,Danny Boyle,798882,"141,319,928",2008,8.0,850440,91,84,"Loveleen Tandan, Dev Patel, Freida Pinto, Saurabh Shukla"
"https://m.media-amazon.com/images/M/MV5BNzY2NzI4OTE5MF5BMl5BanBnXkFtZTcwMjMyNDY4Mw@@._V1_.jpg",Black Swan,A,108,"Drama, Thriller","A committed dancer struggles to maintain her sanity after winning the lead role in a production of Tchaikovsky's ""Swan Lake"".",79.0,Darren Aronofsky,699673,"106,954,678",2010,8.0,773003,85,79,"Natalie Portman, Mila Kunis, Vincent Cassel, Winona Ryder"
"https://m.media-amazon.com/images/M/MV5BNDYxNjQyMjAtNTdiOS00NGYwLWFmNTAtNThmYjU5ZGI2YTI1XkEyXkFqcGdeQXVyMTMxODk2OTU@._V1_.jpg",The Avengers,UA,143,"Action, Adventure, Sci-Fi",Earth's mightiest heroes must come together and learn to fight as a team if they are going to stop the mischievous Loki and his alien army from enslaving humanity.,69.0,Joss Whedon,1260806,"623,279,547",2012,8.0,1397515,91,69,"Robert Downey Jr., Chris Evans, Scarlett Johansson, Jeremy Renner"
"https://m.media-amazon.com/images/M/MV5BMTQ5NjQ0NDI3NF5BMl5BanBnXkFtZTcwNDI0MjEzMw@@._V1_.jpg",The Pursuit of Happyness,U,117,"Biography, Drama",A struggling salesman takes custody of his son as he's poised to begin a life-changing professional career.,64.0,Gabriele Muccino,448930,"163,566,459",2006,8.0,518780,67,64,"Will Smith, Thandie Newton, Jaden Smith, Brian Howe"
"https://m.media-amazon.com/images/M/MV5BNGNiNmU2YTMtZmU4OS00MjM0LTlmYWUtMjVlYjAzYjE2N2RjXkEyXkFqcGdeQXVyNDk3NzU2MTQ@._V1_.jpg",The Bourne Ultimatum,UA,115,"Action, Mystery, Thriller",Jason Bourne dodges a ruthless C.I.A. official and his Agents from a new assassination program while searching for the origins of his life as a trained killer.,85.0,Paul Greengrass,604694,"227,471,070",2007,8.0,638040,92,85,"Matt Damon, Edgar Ramírez, Joan Allen, Julia Stiles"
"https://m.media-amazon.com/images/M/MV5BMTMzODU0NTkxMF5BMl5BanBnXkFtZTcwMjQ4MzMzMw@@._V1_.jpg",Ratatouille,U,111,"Animation, Adventure, Comedy",A rat who can cook makes an unusual alliance with a young kitchen worker at a famous restaurant.,96.0,Brad Bird,641645,"206,445,654",2007,8.1,745355,96,96,"Jan Pinkava, Brad Garrett, Lou Romano, Patton Oswalt"
"https://m.media-amazon.com/images/M/MV5BMDI5ZWJhOWItYTlhOC00YWNhLTlkNzctNDU5YTI1M2E1MWZhXkEyXkFqcGdeQXVyNTIzOTk5ODM@._V1_.jpg",Casino Royale,PG-13,144,"Action, Adventure, Thriller","After earning 00 status and a licence to kill, Secret Agent James Bond sets out on his first mission as 007. Bond must defeat a private banker funding terrorists in a high-stakes game of poker at Casino Royale, Montenegro.",80.0,Martin Campbell,582239,"167,445,960",2006,8.0,663119,94,80,"Daniel Craig, Eva Green, Judi Dench, Jeffrey Wright"
"https://m.media-amazon.com/images/M/MV5BNGYyZGM5MGMtYTY2Ni00M2Y1LWIzNjQtYWUzM2VlNGVhMDNhXkEyXkFqcGdeQXVyMTMxODk2OTU@._V1_.jpg",Pirates of the Caribbean: The Curse of the Black Pearl,UA,143,"Action, Adventure, Fantasy","Blacksmith Will Turner teams up with eccentric pirate ""Captain"" Jack Sparrow to save his love, the governor's daughter, from Jack's former pirate allies, who are now undead.",63.0,Gore Verbinski,1015122,"305,413,918",2003,8.1,1135637,80,63,"Johnny Depp, Geoffrey Rush, Orlando Bloom, Keira Knightley"
"https://m.media-amazon.com/images/M/MV5BMTY5OTU0OTc2NV5BMl5BanBnXkFtZTcwMzU4MDcyMQ@@._V1_.jpg",The Incredibles,U,115,"Animation, Action, Adventure","A family of undercover superheroes, while trying to live the quiet suburban life, are forced into action to save the world.",90.0,Brad Bird,657047,"261,441,092",2004,8.0,745045,87,90,"Craig T. Nelson, Samuel L. Jackson, Holly Hunter, Jason Lee"
"https://m.media-amazon.com/images/M/MV5BY2Q2NDI1MjUtM2Q5ZS00MTFlLWJiYWEtNTZmNjQ3OGJkZDgxXkEyXkFqcGdeQXVyNTI4MjkwNjA@._V1_.jpg",Aladdin,U,90,"Animation, Adventure, Comedy",A kindhearted street urchin and a power-hungry Grand Vizier vie for a magic lamp that has the power to make their deepest wishes come true.,86.0,Ron Clements,373845,"217,350,219",1992,8.0,426051,95,86,"John Musker, Scott Weinger, Robin Williams, Linda Larkin"
"https://m.media-amazon.com/images/M/MV5BY2Q2NDI1MjUtM2Q5ZS00MTFlLWJiYWEtNTZmNjQ3OGJkZDgxXkEyXkFqcGdeQXVyNTI4MjkwNjA@._V1_.jpg",Aladdin,U,90,"Animation, Adventure, Comedy",A kindhearted street urchin and a power-hungry Grand Vizier vie for a magic lamp that has the power to make their deepest wishes come true.,86.0,Ron Clements,373845,"217,350,219",1992,8.0,426051,95,86,"John Musker, Scott Weinger, Robin Williams, Linda Larkin"
"https://m.media-amazon.com/images/M/MV5BYjYyODExMDctZjgwYy00ZjQwLWI4OWYtOGFlYjA4ZjEzNmY1XkEyXkFqcGdeQXVyNTAyODkwOQ@@._V1_.jpg",JFK,UA,189,"Drama, History, Thriller",New Orleans District Attorney Jim Garrison discovers there's more to the Kennedy assassination than the official story.,72.0,Oliver Stone,142110,"70,405,498",1991,8.0,158682,85,72,"Kevin Costner, Gary Oldman, Jack Lemmon, Walter Matthau"
"https://m.media-amazon.com/images/M/MV5BMzE5MDM1NDktY2I0OC00YWI5LTk2NzUtYjczNDczOWQxYjM0XkEyXkFqcGdeQXVyMTQxNzMzNDI@._V1_.jpg",Beauty and the Beast,G,84,"Animation, Family, Fantasy",A prince cursed to spend his days as a hideous monster sets out to regain his humanity by earning a young woman's love.,95.0,Gary Trousdale,417178,"218,967,620",1991,8.0,458593,94,95,"Kirk Wise, Paige O'Hara, Robby Benson, Jesse Corti"
"https://m.media-amazon.com/images/M/MV5BMzE5MDM1NDktY2I0OC00YWI5LTk2NzUtYjczNDczOWQxYjM0XkEyXkFqcGdeQXVyMTQxNzMzNDI@._V1_.jpg",Beauty and the Beast,G,84,"Animation, Family, Fantasy",A prince cursed to spend his days as a hideous monster sets out to regain his humanity by earning a young woman's love.,95.0,Gary Trousdale,417178,"218,967,620",1991,8.0,458593,94,95,"Kirk Wise, Paige O'Hara, Robby Benson, Jesse Corti"
"https://m.media-amazon.com/images/M/MV5BMTY3OTI5NDczN15BMl5BanBnXkFtZTcwNDA0NDY3Mw@@._V1_.jpg",Dances with Wolves,U,181,"Adventure, Drama, Western","Lieutenant John Dunbar, assigned to a remote western Civil War outpost, befriends wolves and Indians, making him an intolerable aberration in the military.",72.0,Kevin Costner,240266,"184,208,848",1990,8.0,269801,87,72,"Kevin Costner, Mary McDonnell, Graham Greene, Rodney A. Grant"
"https://m.media-amazon.com/images/M/MV5BMzVjNzI4NzYtMjE4NS00M2IzLWFkOWMtOTYwMWUzN2ZlNGVjL2ltYWdlL2ltYWdlXkEyXkFqcGdeQXVyMTQxNzMzNDI@._V1_.jpg",Rain Man,U,133,Drama,Selfish yuppie Charlie Babbitt's father left a fortune to his savant brother Raymond and a pittance to Charlie; they travel cross-country.,65.0,Barry Levinson,473064,"178,800,000",1988,8.0,519100,89,65,"Dustin Hoffman, Tom Cruise, Valeria Golino, Gerald R. Molen"
"https://m.media-amazon.com/images/M/MV5BMmVmODY1MzEtYTMwZC00MzNhLWFkNDMtZjAwM2EwODUxZTA5XkEyXkFqcGdeQXVyNTAyODkwOQ@@._V1_.jpg",Jaws,A,124,"Adventure, Thriller","When a killer shark unleashes chaos on a beach community, it's up to a local sheriff, a marine biologist, and an old seafarer to hunt the beast down.",87.0,Steven Spielberg,543388,"260,000,000",1975,8.1,612070,97,87,"Roy Scheider, Robert Shaw, Richard Dreyfuss, Lorraine Gary"
"https://m.media-amazon.com/images/M/MV5BYjhmMGMxZDYtMTkyNy00YWVmLTgyYmUtYTU3ZjcwNTBjN2I1XkEyXkFqcGdeQXVyNzkwMjQ5NzM@._V1_.jpg",The Exorcist,A,122,Horror,"When a 12-year-old girl is possessed by a mysterious entity, her mother seeks the help of two priests to save her.",81.0,William Friedkin,362393,"232,906,145",1973,8.1,412125,84,81,"Ellen Burstyn, Max von Sydow, Linda Blair, Lee J. Cobb"
"https://m.media-amazon.com/images/M/MV5BMTg0NjUwMzg5NF5BMl5BanBnXkFtZTgwNDQ0NjcwMTE@._V1_.jpg",Planet of the Apes,U,112,"Adventure, Sci-Fi","An astronaut crew crash-lands on a planet in the distant future where intelligent talking apes are the dominant species, and humans are the oppressed and enslaved.",79.0,Franklin J. Schaffner,165167,"33,395,426",2001,5.7,221457,44,50,"Charlton Heston, Roddy McDowall, Kim Hunter, Maurice Evans"
"https://m.media-amazon.com/images/M/MV5BMGUwZjliMTAtNzAxZi00MWNiLWE2NzgtZGUxMGQxZjhhNDRiXkEyXkFqcGdeQXVyNjU1NzU3MzE@._V1_.jpg",Knives Out,UA,130,"Comedy, Crime, Drama","A detective investigates the death of a patriarch of an eccentric, combative family.",82.0,Rian Johnson,454203,"165,359,751",2019,7.9,696205,97,82,"Daniel Craig, Chris Evans, Ana de Armas, Jamie Lee Curtis"
"https://m.media-amazon.com/images/M/MV5BMjMyNDkzMzI1OF5BMl5BanBnXkFtZTgwODcxODg5MjI@._V1_.jpg",Thor: Ragnarok,UA,130,"Action, Adventure, Comedy","Imprisoned on the planet Sakaar, Thor must race against time to return to Asgard and stop Ragnarök, the destruction of his world, at the hands of the powerful and ruthless villain Hela.",74.0,Taika Waititi,587775,"315,058,289",2017,7.9,759104,93,74,"Chris Hemsworth, Tom Hiddleston, Cate Blanchett, Mark Ruffalo"
"https://m.media-amazon.com/images/M/MV5BMTExMzU0ODcxNDheQTJeQWpwZ15BbWU4MDE1OTI4MzAy._V1_.jpg",Arrival,UA,116,"Drama, Sci-Fi",A linguist works with the military to communicate with alien lifeforms after twelve mysterious spacecrafts appear around the world.,81.0,Denis Villeneuve,594181,"100,546,139",2016,7.9,703148,95,81,"Amy Adams, Jeremy Renner, Forest Whitaker, Michael Stuhlbarg"
"https://m.media-amazon.com/images/M/MV5BOTAzODEzNDAzMl5BMl5BanBnXkFtZTgwMDU1MTgzNzE@._V1_.jpg",Star Wars: Episode VII - The Force Awakens,U,138,"Action, Adventure, Sci-Fi","As a new threat to the galaxy rises, Rey, a desert scavenger, and Finn, an ex-stormtrooper, must join Han Solo and Chewbacca to search for the one hope of restoring peace.",80.0,J.J. Abrams,860823,"936,662,225",2015,7.8,936253,93,80,"Daisy Ridley, John Boyega, Oscar Isaac, Domhnall Gleeson"
"https://m.media-amazon.com/images/M/MV5BZGIzNWYzN2YtMjcwYS00YjQ3LWI2NjMtOTNiYTUyYjE2MGNkXkEyXkFqcGdeQXVyMTQxNzMzNDI@._V1_.jpg",X-Men: Days of Future Past,UA,132,"Action, Adventure, Sci-Fi",The X-Men send Wolverine to the past in a desperate effort to change history and prevent an event that results in doom for both humans and mutants.,75.0,Bryan Singer,659763,"233,921,534",2014,7.9,716538,90,75,"Patrick Stewart, Ian McKellen, Hugh Jackman, James McAvoy"
"https://m.media-amazon.com/images/M/MV5BMTc5OTk4MTM3M15BMl5BanBnXkFtZTgwODcxNjg3MDE@._V1_.jpg",Edge of Tomorrow,UA,113,"Action, Adventure, Sci-Fi","A soldier fighting aliens gets to relive the same day over and over again, the day restarting every time he dies.",71.0,Doug Liman,600004,"100,206,256",2014,7.9,685384,91,71,"Tom Cruise, Emily Blunt, Bill Paxton, Brendan Gleeson"
"https://m.media-amazon.com/images/M/MV5BYmQ5MzFjYWMtMTMwNC00ZGU5LWI3YTQtYzhkMGExNGFlY2Q0XkEyXkFqcGdeQXVyNTIzOTk5ODM@._V1_.jpg",District 9,A,112,"Action, Sci-Fi, Thriller",Violence ensues after an extraterrestrial race forced to live in slum-like conditions on Earth finds a kindred spirit in a government agent exposed to their biotechnology.,81.0,Neill Blomkamp,638202,"115,646,235",2009,7.9,687014,90,81,"Sharlto Copley, David James, Jason Cope, Nathalie Boltt"
"https://m.media-amazon.com/images/M/MV5BMjE5NDQ5OTE4Ml5BMl5BanBnXkFtZTcwOTE3NDIzMw@@._V1_.jpg",Star Trek,UA,127,"Action, Adventure, Sci-Fi",The brash James T. Kirk tries to live up to his father's legacy with Mr. Spock keeping him in check as a vengeful Romulan from the future creates black holes to destroy the Federation one planet at a time.,82.0,J.J. Abrams,577336,"257,730,019",2009,7.9,606241,94,82,"Chris Pine, Zachary Quinto, Simon Pegg, Leonard Nimoy"
"https://m.media-amazon.com/images/M/MV5BNTg2OTY2ODg5OF5BMl5BanBnXkFtZTcwODM5MTYxOA@@._V1_.jpg",Life of Pi,U,127,"Adventure, Drama, Fantasy","A young man who survives a disaster at sea is hurtled into an epic journey of adventure and discovery. While cast away, he forms an unexpected connection with another survivor: a fearsome Bengal tiger.",79.0,Ang Lee,580708,"124,987,023",2012,7.9,635429,86,79,"Suraj Sharma, Irrfan Khan, Adil Hussain, Tabu"
"https://m.media-amazon.com/images/M/MV5BMTczNTI2ODUwOF5BMl5BanBnXkFtZTcwMTU0NTIzMw@@._V1_.jpg",Iron Man,UA,126,"Action, Adventure, Sci-Fi","After being held captive in an Afghan cave, billionaire engineer Tony Stark creates a unique weaponized suit of armor to fight evil.",79.0,Jon Favreau,939644,"318,412,101",2008,7.9,1065451,94,79,"Robert Downey Jr., Gwyneth Paltrow, Terrence Howard, Jeff Bridges"
"https://m.media-amazon.com/images/M/MV5BMTY4NTIwODg0N15BMl5BanBnXkFtZTcwOTc0MjEzMw@@._V1_.jpg",Harry Potter and the Prisoner of Azkaban,U,142,"Adventure, Family, Fantasy","Harry Potter, Ron and Hermione return to Hogwarts School of Witchcraft and Wizardry for their third year of study, where they delve into the mystery surrounding an escaped prisoner who poses a dangerous threat to the young wizard.",82.0,Alfonso Cuarón,552493,"249,358,727",2004,7.9,641720,90,82,"Daniel Radcliffe, Emma Watson, Rupert Grint, Richard Griffiths"
"https://m.media-amazon.com/images/M/MV5BM2JkNGU0ZGMtZjVjNS00NjgyLWEyOWYtZmRmZGQyN2IxZjA2XkEyXkFqcGdeQXVyNTIzOTk5ODM@._V1_.jpg",The Bourne Identity,UA,119,"Action, Mystery, Thriller","A man is picked up by a fishing boat, bullet-riddled and suffering from amnesia, before racing to elude assassins and attempting to regain his memory.",68.0,Doug Liman,508771,"121,661,683",2002,7.9,550882,84,68,"Franka Potente, Matt Damon, Chris Cooper, Clive Owen"
"https://m.media-amazon.com/images/M/MV5BMWM5ZDcxMTYtNTEyNS00MDRkLWI3YTItNThmMGExMWY4NDIwXkEyXkFqcGdeQXVyNjUwNzk3NDc@._V1_.jpg",Toy Story 2,U,92,"Animation, Adventure, Comedy","When Woody is stolen by a toy collector, Buzz and his friends set out on a rescue mission to save Woody before he becomes a museum toy property with his roundup gang Jessie, Prospector, and Bullseye.",88.0,John Lasseter,527512,"245,852,179",1999,7.9,586725,100,88,"Ash Brannon, Lee Unkrich, Tom Hanks, Tim Allen"
"https://m.media-amazon.com/images/M/MV5BZTY3YjYxZGQtMTM2YS00ZmYwLWFlM2QtOWFlMTU1NTAyZDQ2XkEyXkFqcGdeQXVyNTgyNTA4MjM@._V1_.jpg",King Kong,Passed,100,"Adventure, Horror, Sci-Fi",A film crew goes to a tropical island for an exotic location shoot and discovers a colossal ape who takes a shine to their female blonde star. He is then captured and brought back to New York City for public exhibition.,90.0,Merian C. Cooper,78991,"10,000,000",2005,7.2,428002,84,81,"Ernest B. Schoedsack, Fay Wray, Robert Armstrong, Bruce Cabot"
"https://m.media-amazon.com/images/M/MV5BN2YyZjQ0NTEtNzU5MS00NGZkLTg0MTEtYzJmMWY3MWRhZjM2XkEyXkFqcGdeQXVyMDA4NzMyOA@@._V1_.jpg",Dunkirk,UA,106,"Action, Drama, History","Allied soldiers from Belgium, the British Empire, and France are surrounded by the German Army and evacuated during a fierce battle in World War II.",94.0,Christopher Nolan,555092,"188,373,161",2017,7.8,667100,92,94,"Fionn Whitehead, Barry Keoghan, Mark Rylance, Tom Hardy"
"https://m.media-amazon.com/images/M/MV5BMzg2Mzg4YmUtNDdkNy00NWY1LWE3NmEtZWMwNGNlMzE5YzU3XkEyXkFqcGdeQXVyMjA5MTIzMjQ@._V1_.jpg",Hidden Figures,UA,127,"Biography, Drama, History",The story of a team of female African-American mathematicians who served a vital role in NASA during the early years of the U.S. space program.,74.0,Theodore Melfi,200876,"169,607,287",2016,7.8,234299,93,74,"Taraji P. Henson, Octavia Spencer, Janelle Monáe, Kevin Costner"
"https://m.media-amazon.com/images/M/MV5BMmYwNWZlNzEtNjE4Zi00NzQ4LWI2YmUtOWZhNzZhZDYyNmVmXkEyXkFqcGdeQXVyNzYzODM3Mzg@._V1_.jpg",Paddington 2,U,103,"Adventure, Comedy, Family","Paddington (Ben Whishaw), now happily settled with the Brown family and a popular member of the local community, picks up a series of odd jobs to buy the perfect present for his Aunt Lucy's (Imelda Staunton's) 100th birthday, only for the gift to be stolen.",88.0,Paul King,61594,"40,442,052",2017,7.8,81957,99,88,"Ben Whishaw, Hugh Grant, Hugh Bonneville, Sally Hawkins"
"https://m.media-amazon.com/images/M/MV5BMjQ0MTgyNjAxMV5BMl5BanBnXkFtZTgwNjUzMDkyODE@._V1_.jpg",Captain America: Civil War,UA,147,"Action, Adventure, Sci-Fi",Political involvement in the Avengers' affairs causes a rift between Captain America and Iron Man.,75.0,Anthony Russo,663649,"408,084,349",2016,7.8,794549,90,75,"Joe Russo, Chris Evans, Robert Downey Jr., Scarlett Johansson"
"https://m.media-amazon.com/images/M/MV5BY2QzYTQyYzItMzAwYi00YjZlLThjNTUtNzMyMDdkYzJiNWM4XkEyXkFqcGdeQXVyMTkxNjUyNQ@@._V1_.jpg",Little Women,U,135,"Drama, Romance","Jo March reflects back and forth on her life, telling the beloved story of the March sisters - four young women, each determined to live life on her own terms.",91.0,Greta Gerwig,143250,"108,101,214",2019,7.8,209861,95,91,"Saoirse Ronan, Emma Watson, Florence Pugh, Eliza Scanlen"
"https://m.media-amazon.com/images/M/MV5BMDliOTIzNmUtOTllOC00NDU3LWFiNjYtMGM0NDc1YTMxNjYxXkEyXkFqcGdeQXVyNTM3NzExMDQ@._V1_.jpg",Big Hero 6,U,102,"Animation, Action, Adventure","A special bond develops between plus-sized inflatable robot Baymax and prodigy Hiro Hamada, who together team up with a group of friends to form a band of high-tech heroes.",74.0,Don Hall,410983,"222,527,828",2014,7.8,466946,90,74,"Chris Williams, Ryan Potter, Scott Adsit, Jamie Chung"
"https://m.media-amazon.com/images/M/MV5BMTYzMDM4NzkxOV5BMl5BanBnXkFtZTgwNzM1Mzg2NzM@._V1_.jpg",Toy Story 4,U,100,"Animation, Adventure, Comedy","When a new toy called ""Forky"" joins Woody and the gang, a road trip alongside old and new friends reveals how big the world can be for a toy.",84.0,Josh Cooley,203177,"434,038,008",2019,7.7,254870,97,84,"Tom Hanks, Tim Allen, Annie Potts, Tony Hale"
"https://m.media-amazon.com/images/M/MV5BMzMwMTAwODczN15BMl5BanBnXkFtZTgwMDk2NDA4MTE@._V1_.jpg",How to Train Your Dragon 2,U,102,"Animation, Action, Adventure","When Hiccup and Toothless discover an ice cave that is home to hundreds of new wild dragons and the mysterious Dragon Rider, the two friends find themselves at the center of a battle to protect the peace.",76.0,Dean DeBlois,305611,"177,002,924",2014,7.8,339762,92,77,"Jay Baruchel, Cate Blanchett, Gerard Butler, Craig Ferguson"
"https://m.media-amazon.com/images/M/MV5BMTczNDk4NTQ0OV5BMl5BanBnXkFtZTcwNDAxMDgxNw@@._V1_.jpg",The Girl with the Dragon Tattoo,R,158,"Crime, Drama, Mystery","Journalist Mikael Blomkvist is aided in his search for a woman who has been missing for forty years by Lisbeth Salander, a young computer hacker.",71.0,David Fincher,423010,"102,515,793",2011,7.8,468384,86,71,"Daniel Craig, Rooney Mara, Christopher Plummer, Stellan Skarsgård"
"https://m.media-amazon.com/images/M/MV5BODhiZWRhMjctNDUyMS00NmUwLTgwYmItMjJhOWNkZWQ3ZTQxXkEyXkFqcGdeQXVyMTMxODk2OTU@._V1_.jpg",Captain Phillips,UA,134,"Adventure, Biography, Crime","The true story of Captain Richard Phillips and the 2009 hijacking by Somali pirates of the U.S.-flagged MV Maersk Alabama, the first American cargo ship to be hijacked in two hundred years.",82.0,Paul Greengrass,421244,"107,100,855",2013,7.8,465426,93,82,"Tom Hanks, Barkhad Abdi, Barkhad Abdirahman, Catherine Keener"
"https://m.media-amazon.com/images/M/MV5BMTA5MzkyMzIxNjJeQTJeQWpwZ15BbWU4MDU0MDk0OTUx._V1_.jpg",Straight Outta Compton,R,147,"Biography, Drama, History","The rap group NWA emerges from the mean streets of Compton in Los Angeles, California, in the mid-1980s and revolutionizes Hip Hop culture with their music and tales about life in the hood.",72.0,F. Gary Gray,179264,"161,197,785",2015,7.8,204963,89,72,"O'Shea Jackson Jr., Corey Hawkins, Jason Mitchell, Neil Brown Jr."
"https://m.media-amazon.com/images/M/MV5BMzU0NDY0NDEzNV5BMl5BanBnXkFtZTgwOTIxNDU1MDE@._V1_.jpg",The Hobbit: The Desolation of Smaug,UA,161,"Adventure, Fantasy","The dwarves, along with Bilbo Baggins and Gandalf the Grey, continue their quest to reclaim Erebor, their homeland, from Smaug. Bilbo Baggins is in possession of a mysterious and magical ring.",66.0,Peter Jackson,601408,"258,366,855",2013,7.8,668778,74,66,"Ian McKellen, Martin Freeman, Richard Armitage, Ken Stott"
"https://m.media-amazon.com/images/M/MV5BMTM4NzQ0OTYyOF5BMl5BanBnXkFtZTcwMDkyNjQyMg@@._V1_.jpg",Taken,A,90,"Action, Thriller","A retired CIA agent travels across Europe and relies on his old skills to save his estranged daughter, who has been kidnapped while on a trip to Paris.",51.0,Pierre Morel,564791,"145,000,989",2008,7.8,607261,59,51,"Liam Neeson, Maggie Grace, Famke Janssen, Leland Orser"
"https://m.media-amazon.com/images/M/MV5BMTcwNTE4MTUxMl5BMl5BanBnXkFtZTcwMDIyODM4OA@@._V1_.jpg",The Hobbit: An Unexpected Journey,UA,169,"Adventure, Fantasy","A reluctant Hobbit, Bilbo Baggins, sets out to the Lonely Mountain with a spirited group of dwarves to reclaim their mountain home, and the gold within it from the dragon Smaug.",58.0,Peter Jackson,757377,"303,003,568",2012,7.8,834219,64,58,"Martin Freeman, Ian McKellen, Richard Armitage, Andy Serkis"
"https://m.media-amazon.com/images/M/MV5BMjFmZGI2YTEtYmJhMS00YTE5LWJjNjAtNDI5OGY5ZDhmNTRlXkEyXkFqcGdeQXVyODAwMTU1MTE@._V1_.jpg",American Gangster,A,157,"Biography, Crime, Drama","An outcast New York City cop is charged with bringing down Harlem drug lord Frank Lucas, whose real life inspired this partly biographical film.",76.0,Ridley Scott,392449,"130,164,645",2007,7.8,430828,81,76,"Denzel Washington, Russell Crowe, Chiwetel Ejiofor, Josh Brolin"
"https://m.media-amazon.com/images/M/MV5BMTYwOTEwNjAzMl5BMl5BanBnXkFtZTcwODc5MTUwMw@@._V1_.jpg",Avatar,UA,162,"Action, Adventure, Fantasy",A paraplegic Marine dispatched to the moon Pandora on a unique mission becomes torn between following his orders and protecting the world he feels is his home.,83.0,James Cameron,1118998,"760,507,625",2009,7.9,1313610,82,83,"Sam Worthington, Zoe Saldana, Sigourney Weaver, Michelle Rodriguez"
"https://m.media-amazon.com/images/M/MV5BNjQ0NTY2ODY2M15BMl5BanBnXkFtZTgwMjE4MzkxMDE@._V1_.jpg",The Curious Case of Benjamin Button,UA,166,"Drama, Fantasy, Romance","Tells the story of Benjamin Button, a man who starts aging backwards with consequences.",70.0,David Fincher,589160,"127,509,326",2008,7.8,657326,71,70,"Brad Pitt, Cate Blanchett, Tilda Swinton, Julia Ormond"
"https://m.media-amazon.com/images/M/MV5BMjIyOTU3MjUxOF5BMl5BanBnXkFtZTcwMTQ0NjYzMw@@._V1_.jpg",Walk the Line,PG-13,136,"Biography, Drama, Music","A chronicle of country music legend Johnny Cash's life, from his early days on an Arkansas cotton farm to his rise to fame with Sun Records in Memphis, where he recorded alongside Elvis Presley, Jerry Lee Lewis, and Carl Perkins.",72.0,James Mangold,234207,"119,519,402",2005,7.8,254053,82,72,"Joaquin Phoenix, Reese Witherspoon, Ginnifer Goodwin, Robert Patrick"
"https://m.media-amazon.com/images/M/MV5BN2Y5ZTU4YjctMDRmMC00MTg4LWE1M2MtMjk4MzVmOTE4YjkzXkEyXkFqcGdeQXVyNTc1NTQxODI@._V1_.jpg",Cast Away,UA,143,"Adventure, Drama, Romance",A FedEx executive undergoes a physical and emotional transformation after crash landing on a deserted island.,73.0,Robert Zemeckis,524235,"233,632,142",2000,7.8,598492,89,73,"Tom Hanks, Helen Hunt, Paul Sanchez, Lari White"
"https://m.media-amazon.com/images/M/MV5BOGZhM2FhNTItODAzNi00YjA0LWEyN2UtNjJlYWQzYzU1MDg5L2ltYWdlL2ltYWdlXkEyXkFqcGdeQXVyMTQxNzMzNDI@._V1_.jpg",Shrek,U,90,"Animation, Adventure, Comedy","A mean lord exiles fairytale creatures to the swamp of a grumpy ogre, who must go on a quest and rescue a princess for the lord in order to get his land back.",84.0,Andrew Adamson,613941,"267,665,011",2001,7.9,685195,88,84,"Vicky Jenson, Mike Myers, Eddie Murphy, Cameron Diaz"
"https://m.media-amazon.com/images/M/MV5BMDdmZGU3NDQtY2E5My00ZTliLWIzOTUtMTY4ZGI1YjdiNjk3XkEyXkFqcGdeQXVyNTA4NzY1MzY@._V1_.jpg",Titanic,UA,194,"Drama, Romance","A seventeen-year-old aristocrat falls in love with a kind but poor artist aboard the luxurious, ill-fated R.M.S. Titanic.",75.0,James Cameron,1046089,"659,325,379",1997,7.9,1185567,88,75,"Leonardo DiCaprio, Kate Winslet, Billy Zane, Kathy Bates"
"https://m.media-amazon.com/images/M/MV5BYmFmOGZjYTItYjY1ZS00OWRiLTk0NDgtMjQ5MzBkYWE2YWE0XkEyXkFqcGdeQXVyNjU0OTQ0OTY@._V1_.jpg",The Fugitive,U,130,"Action, Crime, Drama","Dr. Richard Kimble, unjustly accused of murdering his wife, must find the real killer while being the target of a nationwide manhunt led by a seasoned U.S. Marshal.",87.0,Andrew Davis,267684,"183,875,760",1993,7.8,299309,96,87,"Harrison Ford, Tommy Lee Jones, Sela Ward, Julianne Moore"
"https://m.media-amazon.com/images/M/MV5BZTMxMGM5MjItNDJhNy00MWI2LWJlZWMtOWFhMjI5ZTQwMWM3XkEyXkFqcGdeQXVyMTQxNzMzNDI@._V1_.jpg",Back to the Future Part II,U,108,"Adventure, Comedy, Sci-Fi","After visiting 2015, Marty McFly must repeat his visit to 1955 to prevent disastrous changes to 1985...without interfering with his first trip.",57.0,Robert Zemeckis,481918,"118,500,000",1989,7.8,537718,63,57,"Michael J. Fox, Christopher Lloyd, Lea Thompson, Thomas F. Wilson"
"https://m.media-amazon.com/images/M/MV5BMTkxMjYyNzgwMl5BMl5BanBnXkFtZTgwMTE3MjYyMTE@._V1_.jpg",Ghostbusters,UA,105,"Action, Comedy, Fantasy",Three former parapsychology professors set up shop as a unique ghost removal service.,71.0,Ivan Reitman,355413,"238,632,124",1984,7.8,420236,95,71,"Bill Murray, Dan Aykroyd, Sigourney Weaver, Harold Ramis"
"https://m.media-amazon.com/images/M/MV5BMTkxMjYyNzgwMl5BMl5BanBnXkFtZTgwMTE3MjYyMTE@._V1_.jpg",Ghostbusters,UA,105,"Action, Comedy, Fantasy",Three former parapsychology professors set up shop as a unique ghost removal service.,71.0,Ivan Reitman,355413,"238,632,124",1984,7.8,420236,95,71,"Bill Murray, Dan Aykroyd, Sigourney Weaver, Harold Ramis"
"https://m.media-amazon.com/images/M/MV5BMTQ2ODFlMDAtNzdhOC00ZDYzLWE3YTMtNDU4ZGFmZmJmYTczXkEyXkFqcGdeQXVyMTQxNzMzNDI@._V1_.jpg",E.T. the Extra-Terrestrial,U,115,"Family, Sci-Fi",A troubled child summons the courage to help a friendly alien escape Earth and return to his home world.,91.0,Steven Spielberg,372490,"435,110,554",1982,7.9,414776,99,91,"Henry Thomas, Drew Barrymore, Peter Coyote, Dee Wallace"
"https://m.media-amazon.com/images/M/MV5BNjk1Njk3YjctMmMyYS00Y2I4LThhMzktN2U0MTMyZTFlYWQ5XkEyXkFqcGdeQXVyODM2ODEzMDA@._V1_.jpg",Deadpool 2,R,119,"Action, Adventure, Comedy","Foul-mouthed mutant mercenary Wade Wilson (a.k.a. Deadpool), brings together a team of fellow mutant rogues to protect a young boy with supernatural abilities from the brutal, time-traveling cyborg Cable.",66.0,David Leitch,478586,"324,591,735",2018,7.7,589385,84,66,"Ryan Reynolds, Josh Brolin, Morena Baccarin, Julian Dennison"
"https://m.media-amazon.com/images/M/MV5BMjUxMDQwNjcyNl5BMl5BanBnXkFtZTgwNzcwMzc0MTI@._V1_.jpg",Get Out,R,104,"Horror, Mystery, Thriller","A young African-American visits his white girlfriend's parents for the weekend, where his simmering uneasiness about their reception of him eventually reaches a boiling point.",85.0,Jordan Peele,492851,"176,040,665",2017,7.7,621681,98,85,"Daniel Kaluuya, Allison Williams, Bradley Whitford, Catherine Keener"
"https://m.media-amazon.com/images/M/MV5BNjRlZmM0ODktY2RjNS00ZDdjLWJhZGYtNDljNWZkMGM5MTg0XkEyXkFqcGdeQXVyNjAwMjI5MDk@._V1_.jpg",Mission: Impossible - Fallout,UA,147,"Action, Adventure, Thriller","Ethan Hunt and his IMF team, along with some familiar allies, race against time after a mission gone wrong.",86.0,Christopher McQuarrie,291257,"220,159,104",2018,7.7,337282,97,86,"Tom Cruise, Henry Cavill, Ving Rhames, Simon Pegg"
"https://m.media-amazon.com/images/M/MV5BYTM3ZTllNzItNTNmOS00NzJiLTg1MWMtMjMxNDc0NmJhODU5XkEyXkFqcGdeQXVyODE5NzE3OTE@._V1_.jpg",Kingsman: The Secret Service,A,129,"Action, Adventure, Comedy","A spy organisation recruits a promising street kid into the agency's training program, while a global threat emerges from a twisted tech genius.",60.0,Matthew Vaughn,590440,"128,261,724",2014,7.7,673756,75,60,"Colin Firth, Taron Egerton, Samuel L. Jackson, Michael Caine"
"https://m.media-amazon.com/images/M/MV5BNTVkMTFiZWItOTFkOC00YTc3LWFhYzQtZTg3NzAxZjJlNTAyXkEyXkFqcGdeQXVyODE5NzE3OTE@._V1_.jpg",The Fault in Our Stars,UA,126,"Drama, Romance",Two teenage cancer patients begin a life-affirming journey to visit a reclusive author in Amsterdam.,69.0,Josh Boone,344312,"124,872,350",2014,7.7,381370,81,69,"Shailene Woodley, Ansel Elgort, Nat Wolff, Laura Dern"
"https://m.media-amazon.com/images/M/MV5BMzA2NDkwODAwM15BMl5BanBnXkFtZTgwODk5MTgzMTE@._V1_.jpg",Captain America: The Winter Soldier,UA,136,"Action, Adventure, Sci-Fi","As Steve Rogers struggles to embrace his role in the modern world, he teams up with a fellow Avenger and S.H.I.E.L.D agent, Black Widow, to battle a new threat from history: an assassin known as the Winter Soldier.",70.0,Anthony Russo,736182,"259,766,572",2014,7.8,851966,90,70,"Joe Russo, Chris Evans, Samuel L. Jackson, Scarlett Johansson"
"https://m.media-amazon.com/images/M/MV5BNzMxNTExOTkyMF5BMl5BanBnXkFtZTcwMzEyNDc0OA@@._V1_.jpg",Wreck-It Ralph,U,101,"Animation, Adventure, Comedy","A video game villain wants to be a hero and sets out to fulfill his dream, but his quest brings havoc to the whole arcade where he lives.",72.0,Rich Moore,380195,"189,422,889",2012,7.7,428651,87,72,"John C. Reilly, Jack McBrayer, Jane Lynch, Sarah Silverman"
"https://m.media-amazon.com/images/M/MV5BMTg4MDk1ODExN15BMl5BanBnXkFtZTgwNzIyNjg3MDE@._V1_.jpg",The Lego Movie,U,100,"Animation, Action, Adventure","An ordinary LEGO construction worker, thought to be the prophesied as ""special"", is recruited to join a quest to stop an evil tyrant from gluing the LEGO universe into eternal stasis.",83.0,Christopher Miller,323982,"257,760,692",2014,7.7,360502,96,83,"Phil Lord, Chris Pratt, Will Ferrell, Elizabeth Banks"
"https://m.media-amazon.com/images/M/MV5BNjE5MzYwMzYxMF5BMl5BanBnXkFtZTcwOTk4MTk0OQ@@._V1_.jpg",Gravity,UA,91,"Drama, Sci-Fi, Thriller",Two astronauts work together to survive after an accident leaves them stranded in space.,96.0,Alfonso Cuarón,769145,"274,092,705",2013,7.7,831688,96,96,"Sandra Bullock, George Clooney, Ed Harris, Orto Ignatiussen"
"https://m.media-amazon.com/images/M/MV5BMTk2NzczOTgxNF5BMl5BanBnXkFtZTcwODQ5ODczOQ@@._V1_.jpg",Star Trek Into Darkness,UA,132,"Action, Adventure, Sci-Fi","After the crew of the Enterprise find an unstoppable force of terror from within their own organization, Captain Kirk leads a manhunt to a war-zone world to capture a one-man weapon of mass destruction.",72.0,J.J. Abrams,463188,"228,778,661",2013,7.7,486172,84,72,"Chris Pine, Zachary Quinto, Zoe Saldana, Benedict Cumberbatch"
"https://m.media-amazon.com/images/M/MV5BOGUyZDUxZjEtMmIzMC00MzlmLTg4MGItZWJmMzBhZjE0Mjc1XkEyXkFqcGdeQXVyMTMxODk2OTU@._V1_.jpg",The Social Network,UA,120,"Biography, Drama","As Harvard student Mark Zuckerberg creates the social networking site that would become known as Facebook, he is sued by the twins who claimed he stole their idea, and by the co-founder who was later squeezed out of the business.",95.0,David Fincher,624982,"96,962,694",2010,7.8,710400,96,95,"Jesse Eisenberg, Andrew Garfield, Justin Timberlake, Rooney Mara"
"https://m.media-amazon.com/images/M/MV5BNGQwZjg5YmYtY2VkNC00NzliLTljYTctNzI5NmU3MjE2ODQzXkEyXkFqcGdeQXVyNzkwMjQ5NzM@._V1_.jpg",The Hangover,UA,100,Comedy,"Three buddies wake up from a bachelor party in Las Vegas, with no memory of the previous night and the bachelor missing. They make their way around the city in order to find their friend before his wedding.",73.0,Todd Phillips,717559,"277,322,503",2009,7.7,792733,79,73,"Zach Galifianakis, Bradley Cooper, Justin Bartha, Ed Helms"
"https://m.media-amazon.com/images/M/MV5BMWZiNjE2OWItMTkwNy00ZWQzLWI0NTgtMWE0NjNiYTljN2Q1XkEyXkFqcGdeQXVyNzAwMjYxMzA@._V1_.jpg",Skyfall,UA,143,"Action, Adventure, Thriller","James Bond's loyalty to M is tested when her past comes back to haunt her. When MI6 comes under attack, 007 must track down and destroy the threat, no matter how personal the cost.",81.0,Sam Mendes,630614,"304,360,277",2012,7.8,702698,92,81,"Daniel Craig, Javier Bardem, Naomie Harris, Judi Dench"
"https://m.media-amazon.com/images/M/MV5BMTM2MTI5NzA3MF5BMl5BanBnXkFtZTcwODExNTc0OA@@._V1_.jpg",Silver Linings Playbook,A,122,"Comedy, Drama, Romance","After a stint in a mental institution, former teacher Pat Solitano moves back in with his parents and tries to reconcile with his ex-wife. Things get more challenging when Pat meets Tiffany, a mysterious girl with problems of her own.",81.0,David O. Russell,661871,"132,092,958",2012,7.7,714483,92,81,"Bradley Cooper, Jennifer Lawrence, Robert De Niro, Jacki Weaver"
"https://m.media-amazon.com/images/M/MV5BNzljNjY3MDYtYzc0Ni00YjU0LWIyNDUtNTE0ZDRiMGExMjZlXkEyXkFqcGdeQXVyMTMxODk2OTU@._V1_.jpg",Argo,A,120,"Biography, Drama, Thriller","Acting under the cover of a Hollywood producer scouting a location for a science fiction film, a CIA agent launches a dangerous operation to rescue six Americans in Tehran during the U.S. hostage crisis in Iran in 1979.",86.0,Ben Affleck,572581,"136,025,503",2012,7.7,618618,96,86,"Ben Affleck, Bryan Cranston, John Goodman, Alan Arkin"
"https://m.media-amazon.com/images/M/MV5BMTQ2OTE1Mjk0N15BMl5BanBnXkFtZTcwODE3MDAwNA@@._V1_.jpg",Harry Potter and the Deathly Hallows: Part 1,A,146,"Adventure, Family, Fantasy","As Harry, Ron, and Hermione race against time and evil to destroy the Horcruxes, they uncover the existence of the three most powerful objects in the wizarding world: the Deathly Hallows.",65.0,David Yates,479120,"295,983,305",2010,7.7,555620,77,65,"Daniel Radcliffe, Emma Watson, Rupert Grint, Bill Nighy"
"https://m.media-amazon.com/images/M/MV5BMTAxNDYxMjg0MjNeQTJeQWpwZ15BbWU3MDcyNTk2OTM@._V1_.jpg",Tangled,U,100,"Animation, Adventure, Comedy","The magically long-haired Rapunzel has spent her entire life in a tower, but now that a runaway thief has stumbled upon her, she is about to discover the world for the first time, and who she really is.",71.0,Nathan Greno,405922,"200,821,936",2010,7.7,459498,89,71,"Byron Howard, Mandy Moore, Zachary Levi, Donna Murphy"
"https://m.media-amazon.com/images/M/MV5BMTY5NTAzNTc1NF5BMl5BanBnXkFtZTYwNDY4MDc3._V1_.jpg",Brokeback Mountain,A,134,"Drama, Romance","The story of a forbidden and secretive relationship between two cowboys, and their lives over the years.",87.0,Ang Lee,323103,"83,043,761",2005,7.7,361349,88,87,"Jake Gyllenhaal, Heath Ledger, Michelle Williams, Randy Quaid"
"https://m.media-amazon.com/images/M/MV5BYTIyMDFmMmItMWQzYy00MjBiLTg2M2UtM2JiNDRhOWE4NjBhXkEyXkFqcGdeQXVyNjU0OTQ0OTY@._V1_.jpg",The Bourne Supremacy,A,108,"Action, Mystery, Thriller","When Jason Bourne is framed for a CIA operation gone awry, he is forced to resume his former life as a trained assassin to survive.",73.0,Paul Greengrass,434841,"176,241,941",2004,7.7,467307,82,73,"Matt Damon, Franka Potente, Joan Allen, Brian Cox"
"https://m.media-amazon.com/images/M/MV5BMTI1NDMyMjExOF5BMl5BanBnXkFtZTcwOTc4MjQzMQ@@._V1_.jpg",Harry Potter and the Goblet of Fire,UA,157,"Adventure, Family, Fantasy","Harry Potter finds himself competing in a hazardous tournament between rival schools of magic, but he is distracted by recurring nightmares.",81.0,Mike Newell,548619,"290,013,036",2005,7.7,633780,88,81,"Daniel Radcliffe, Emma Watson, Rupert Grint, Eric Sykes"
"https://m.media-amazon.com/images/M/MV5BMzkyNzQ1Mzc0NV5BMl5BanBnXkFtZTcwODg3MzUzMw@@._V1_.jpg",The Last Samurai,UA,154,"Action, Drama",An American military advisor embraces the Samurai culture he was hired to destroy after he is captured in battle.,55.0,Edward Zwick,400049,"111,110,575",2003,7.8,446151,66,55,"Tom Cruise, Ken Watanabe, Billy Connolly, William Atherton"
"https://m.media-amazon.com/images/M/MV5BNjcxMmQ0MmItYTkzYy00MmUyLTlhOTQtMmJmNjE3MDMwYjdlXkEyXkFqcGdeQXVyNzkwMjQ5NzM@._V1_.jpg",Road to Perdition,A,117,"Crime, Drama, Thriller","A mob enforcer's son witnesses a murder, forcing him and his father to take to the road, and his father down a path of redemption and revenge.",72.0,Sam Mendes,246840,"104,454,762",2002,7.7,271257,81,72,"Tom Hanks, Tyler Hoechlin, Rob Maxey, Liam Aiken"
"https://m.media-amazon.com/images/M/MV5BYzVmYzVkMmUtOGRhMi00MTNmLThlMmUtZTljYjlkMjNkMjJkXkEyXkFqcGdeQXVyNDk3NzU2MTQ@._V1_.jpg",Ocean's Eleven,UA,116,"Crime, Thriller",Danny Ocean and his ten accomplices plan to rob three Las Vegas casinos simultaneously.,74.0,Steven Soderbergh,516372,"183,417,150",2001,7.7,581386,83,74,"George Clooney, Brad Pitt, Julia Roberts, Matt Damon"
"https://m.media-amazon.com/images/M/MV5BNWMxZTgzMWEtMTU0Zi00NDc5LWFkZjctMzUxNDIyNzZiMmNjXkEyXkFqcGdeQXVyMTQxNzMzNDI@._V1_.jpg",As Good as It Gets,A,139,"Comedy, Drama, Romance","A single mother and waitress, a misanthropic author, and a gay artist form an unlikely friendship after the artist is assaulted in a robbery.",67.0,James L. Brooks,275755,"148,478,011",1997,7.7,302834,86,67,"Jack Nicholson, Helen Hunt, Greg Kinnear, Cuba Gooding Jr."
"https://m.media-amazon.com/images/M/MV5BZWFjYmZmZGQtYzg4YS00ZGE5LTgwYzAtZmQwZjQ2NDliMGVmXkEyXkFqcGdeQXVyNTUyMzE4Mzg@._V1_.jpg",The Fifth Element,UA,126,"Action, Adventure, Sci-Fi","In the colorful future, a cab driver unwittingly becomes the central figure in the search for a legendary cosmic weapon to keep Evil and Mr. Zorg at bay.",52.0,Luc Besson,434125,"63,540,020",1997,7.6,478922,71,52,"Bruce Willis, Milla Jovovich, Gary Oldman, Ian Holm"
"https://m.media-amazon.com/images/M/MV5BNDE0MWE1ZTMtOWFkMS00YjdiLTkwZTItMDljYjY3MjM0NTk5XkEyXkFqcGdeQXVyNDYyMDk5MTU@._V1_.jpg",Philadelphia,UA,125,Drama,"When a man with HIV is fired by his law firm because of his condition, he hires a homophobic small time lawyer as the only willing advocate for a wrongful dismissal suit.",66.0,Jonathan Demme,224169,"77,324,422",1993,7.7,244951,81,66,"Tom Hanks, Denzel Washington, Roberta Maxwell, Buzz Kilman"
"https://m.media-amazon.com/images/M/MV5BMmRlZDQ1MmUtMzE2Yi00YTkxLTk1MGMtYmIyYWQwODcxYzRlXkEyXkFqcGdeQXVyNTI4MjkwNjA@._V1_.jpg",A Few Good Men,U,138,"Drama, Thriller",Military lawyer Lieutenant Daniel Kaffee defends Marines accused of murder. They contend they were acting under orders.,62.0,Rob Reiner,235388,"141,340,178",1992,7.7,268410,84,62,"Tom Cruise, Jack Nicholson, Demi Moore, Kevin Bacon"
"https://m.media-amazon.com/images/M/MV5BMDhiOTM2OTctODk3Ny00NWI4LThhZDgtNGQ4NjRiYjFkZGQzXkEyXkFqcGdeQXVyMTA0MjU0Ng@@._V1_.jpg",Who Framed Roger Rabbit,U,104,"Animation, Adventure, Comedy",A toon-hating detective is a cartoon rabbit's only hope to prove his innocence when he is accused of murder.,83.0,Robert Zemeckis,182009,"156,452,370",1988,7.7,204648,97,83,"Bob Hoskins, Christopher Lloyd, Joanna Cassidy, Charles Fleischer"
"https://m.media-amazon.com/images/M/MV5BNzk1OGU2NmMtNTdhZC00NjdlLWE5YTMtZTQ0MGExZTQzOGQyXkEyXkFqcGdeQXVyMTQxNzMzNDI@._V1_.jpg",Halloween,A,91,"Horror, Thriller","Fifteen years after murdering his sister on Halloween night 1963, Michael Myers escapes from a mental hospital and returns to the small town of Haddonfield, Illinois to kill again.",87.0,John Carpenter,233106,"47,000,000",1978,7.7,284460,96,87,"Donald Pleasence, Jamie Lee Curtis, Tony Moran, Nancy Kyes"
"https://m.media-amazon.com/images/M/MV5BOWNlMTJmMWUtYjk0MC00M2U4LWI1ODItZDgxNDZiODFmNjc5XkEyXkFqcGdeQXVyMTAwMzUyOTc@._V1_.jpg",Cape Fear,Passed,106,"Drama, Thriller",A lawyer's family is stalked by a man he once helped put in jail.,76.0,J. Lee Thompson,26457,,1991,7.3,199542,75,73,"Gregory Peck, Robert Mitchum, Polly Bergen, Lori Martin"
"https://m.media-amazon.com/images/M/MV5BMTU5NTBmYTAtOTgyYi00NGM0LWE0ODctZjNiYWM5MmIxYzE4XkEyXkFqcGdeQXVyNTAyODkwOQ@@._V1_.jpg",The Day the Earth Stood Still,U,92,"Drama, Sci-Fi",An alien lands and tells the people of Earth that they must live peacefully or be destroyed as a danger to other planets.,79.0,Robert Wise,76315,,2008,5.5,172313,20,40,"Michael Rennie, Patricia Neal, Hugh Marlowe, Sam Jaffe"
"https://m.media-amazon.com/images/M/MV5BNjM0NTc0NzItM2FlYS00YzEwLWE0YmUtNTA2ZWIzODc2OTgxXkEyXkFqcGdeQXVyNTgwNzIyNzg@._V1_.jpg",Guardians of the Galaxy Vol. 2,UA,136,"Action, Adventure, Comedy","The Guardians struggle to keep together as a team while dealing with their personal family issues, notably Star-Lord's encounter with his father the ambitious celestial being Ego.",67.0,James Gunn,569974,"389,813,101",2017,7.6,687044,85,67,"Chris Pratt, Zoe Saldana, Dave Bautista, Vin Diesel"
"https://m.media-amazon.com/images/M/MV5BMjM3MjQ1MzkxNl5BMl5BanBnXkFtZTgwODk1ODgyMjI@._V1_.jpg",Baby Driver,UA,113,"Action, Crime, Drama","After being coerced into working for a crime boss, a young getaway driver finds himself taking part in a heist doomed to fail.",86.0,Edgar Wright,439406,"107,825,862",2017,7.6,548438,92,86,"Ansel Elgort, Jon Bernthal, Jon Hamm, Eiza González"
"https://m.media-amazon.com/images/M/MV5BMTEzNzY0OTg0NTdeQTJeQWpwZ15BbWU4MDU3OTg3MjUz._V1_.jpg",Incredibles 2,UA,118,"Animation, Action, Adventure",The Incredibles family takes on a new mission which involves a change in family roles: Bob Parr (Mr. Incredible) must manage the house while his wife Helen (Elastigirl) goes out to save the world.,80.0,Brad Bird,250057,"608,581,744",2018,7.6,301655,93,80,"Craig T. Nelson, Holly Hunter, Sarah Vowell, Huck Milner"
"https://m.media-amazon.com/images/M/MV5BMjI4MzU5NTExNF5BMl5BanBnXkFtZTgwNzY1MTEwMDI@._V1_.jpg",Moana,U,107,"Animation, Adventure, Comedy","In Ancient Polynesia, when a terrible curse incurred by the Demigod Maui reaches Moana's island, she answers the Ocean's call to seek out the Demigod to set things right.",81.0,Ron Clements,272784,"248,757,044",2016,7.6,340927,95,81,"John Musker, Don Hall, Chris Williams, Auli'i Cravalho"
"https://m.media-amazon.com/images/M/MV5BMTgwODk3NDc1N15BMl5BanBnXkFtZTgwNTc1NjQwMjE@._V1_.jpg",Dawn of the Planet of the Apes,UA,130,"Action, Adventure, Drama",A growing nation of genetically evolved apes led by Caesar is threatened by a band of human survivors of the devastating virus unleashed a decade earlier.,79.0,Matt Reeves,411599,"208,545,589",2014,7.6,445431,91,79,"Gary Oldman, Keri Russell, Andy Serkis, Kodi Smit-McPhee"
"https://m.media-amazon.com/images/M/MV5BNmE5ZmE3OGItNTdlNC00YmMxLWEzNjctYzAwOGQ5ODg0OTI0XkEyXkFqcGdeQXVyMTMxODk2OTU@._V1_.jpg",A Star Is Born,UA,136,"Drama, Music, Romance",A musician helps a young singer find fame as age and alcoholism send his own career into a downward spiral.,88.0,Bradley Cooper,334312,"215,288,866",2018,7.6,389582,90,88,"Lady Gaga, Bradley Cooper, Sam Elliott, Greg Grunberg"
"https://m.media-amazon.com/images/M/MV5BODhkZDIzNjgtOTA5ZS00MmMzLWFkNjYtM2Y2MzFjN2FkNjAzL2ltYWdlXkEyXkFqcGdeQXVyNTAyODkwOQ@@._V1_.jpg",True Grit,PG-13,110,"Drama, Western",A stubborn teenager enlists the help of a tough U.S. Marshal to track down her father's murderer.,80.0,Ethan Coen,311822,"171,243,005",2010,7.6,342425,95,80,"Joel Coen, Jeff Bridges, Matt Damon, Hailee Steinfeld"
"https://m.media-amazon.com/images/M/MV5BMTY3NjY0MTQ0Nl5BMl5BanBnXkFtZTcwMzQ2MTc0Mw@@._V1_.jpg",Despicable Me,U,95,"Animation, Comedy, Crime","When a criminal mastermind uses a trio of orphan girls as pawns for a grand scheme, he finds their love is profoundly changing him for the better.",72.0,Pierre Coffin,500851,"251,513,985",2010,7.6,552705,80,72,"Chris Renaud, Steve Carell, Jason Segel, Russell Brand"
"https://m.media-amazon.com/images/M/MV5BMTg0NjEwNjUxM15BMl5BanBnXkFtZTcwMzk0MjQ5Mg@@._V1_.jpg",Sherlock Holmes,PG-13,128,"Action, Adventure, Mystery",Detective Sherlock Holmes and his stalwart partner Watson engage in a battle of wits and brawn with a nemesis whose plot is a threat to all of England.,57.0,Guy Ritchie,583158,"209,028,679",2009,7.6,639165,69,57,"Robert Downey Jr., Jude Law, Rachel McAdams, Mark Strong"
"https://m.media-amazon.com/images/M/MV5BMjEzOTE3ODM3OF5BMl5BanBnXkFtZTcwMzYyODI4Mg@@._V1_.jpg",The Blind Side,UA,129,"Biography, Drama, Sport","The story of Michael Oher, a homeless and traumatized boy who became an All-American football player and first-round NFL draft pick with the help of a caring woman and her family.",53.0,John Lee Hancock,293266,"255,959,475",2009,7.6,337559,66,53,"Quinton Aaron, Sandra Bullock, Tim McGraw, Jae Head"
"https://m.media-amazon.com/images/M/MV5BYjc4MjA2ZDgtOGY3YS00NDYzLTlmNTEtYWMxMzcwZjgzYWNjXkEyXkFqcGdeQXVyMTQxNzMzNDI@._V1_.jpg",Inside Man,R,129,"Crime, Drama, Mystery","A police detective, a bank robber, and a high-power broker enter high-stakes negotiations after the criminal's brilliant heist spirals into a hostage situation.",76.0,Spike Lee,339757,"88,513,495",2006,7.6,377706,86,76,"Denzel Washington, Clive Owen, Jodie Foster, Christopher Plummer"
"https://m.media-amazon.com/images/M/MV5BNzU3NDg4NTAyNV5BMl5BanBnXkFtZTcwOTg2ODg1Mg@@._V1_.jpg",Harry Potter and the Half-Blood Prince,UA,153,"Action, Adventure, Family","As Harry Potter begins his sixth year at Hogwarts, he discovers an old book marked as ""the property of the Half-Blood Prince"" and begins to learn more about Lord Voldemort's dark past.",78.0,David Yates,474827,"301,959,197",2009,7.6,552861,84,78,"Daniel Radcliffe, Emma Watson, Rupert Grint, Michael Gambon"
"https://m.media-amazon.com/images/M/MV5BNWMxYTZlOTUtZDExMi00YzZmLTkwYTMtZmM2MmRjZmQ3OGY4XkEyXkFqcGdeQXVyMTAwMzUyMzUy._V1_.jpg",300,A,117,"Action, Drama",King Leonidas of Sparta and a force of 300 men fight the Persians at Thermopylae in 480 B.C.,52.0,Zack Snyder,732876,"210,614,939",2006,7.6,826361,61,52,"Gerard Butler, Lena Headey, David Wenham, Dominic West"
"https://m.media-amazon.com/images/M/MV5BY2IzNGNiODgtOWYzOS00OTI0LTgxZTUtOTA5OTQ5YmI3NGUzXkEyXkFqcGdeQXVyNjU0OTQ0OTY@._V1_.jpg",Watchmen,A,162,"Action, Drama, Mystery","In 1985 where former superheroes exist, the murder of a colleague sends active vigilante Rorschach into his own sprawling investigation, uncovering something that could completely change the course of history as we know it.",56.0,Zack Snyder,500799,"107,509,799",2009,7.6,556357,65,56,"Jackie Earle Haley, Patrick Wilson, Carla Gugino, Malin Akerman"
"https://m.media-amazon.com/images/M/MV5BNjQ3NWNlNmQtMTE5ZS00MDdmLTlkZjUtZTBlM2UxMGFiMTU3XkEyXkFqcGdeQXVyNjUwNzk3NDc@._V1_.jpg",Harry Potter and the Sorcerer's Stone,U,152,"Adventure, Family, Fantasy","An orphaned boy enrolls in a school of wizardry, where he learns the truth about himself, his family and the terrible evil that haunts the magical world.",64.0,Chris Columbus,658185,"317,575,550",2001,7.6,789022,81,65,"Daniel Radcliffe, Rupert Grint, Richard Harris, Maggie Smith"
"https://m.media-amazon.com/images/M/MV5BMTAxMDE4Mzc3ODNeQTJeQWpwZ15BbWU4MDY2Mjg4MDcx._V1_.jpg",The Others,PG-13,101,"Horror, Mystery, Thriller",A woman who lives in her darkened old family house with her two photosensitive children becomes convinced that the home is haunted.,74.0,Alejandro Amenábar,337651,"96,522,687",2001,7.6,371010,84,74,"Nicole Kidman, Christopher Eccleston, Fionnula Flanagan, Alakina Mann"
"https://m.media-amazon.com/images/M/MV5BZTI3YzZjZjEtMDdjOC00OWVjLTk0YmYtYzI2MGMwZjFiMzBlXkEyXkFqcGdeQXVyMTQxNzMzNDI@._V1_.jpg",Minority Report,A,145,"Action, Crime, Mystery","In a future where a special police unit is able to arrest murderers before they commit their crimes, an officer from that unit is himself accused of a future murder.",80.0,Steven Spielberg,508417,"132,072,926",2002,7.6,557563,90,80,"Tom Cruise, Colin Farrell, Samantha Morton, Max von Sydow"
"https://m.media-amazon.com/images/M/MV5BODkxNGQ1NWYtNzg0Ny00Yjg3LThmZTItMjE2YjhmZTQ0ODY5XkEyXkFqcGdeQXVyMTQxNzMzNDI@._V1_.jpg",Mulan,U,88,"Animation, Adventure, Family","To save her father from death in the army, a young maiden secretly goes in his place and becomes one of China's greatest heroines in the process.",71.0,Tony Bancroft,256906,"120,620,254",1998,7.6,292824,86,71,"Barry Cook, Ming-Na Wen, Eddie Murphy, BD Wong"
"https://m.media-amazon.com/images/M/MV5BNmRiZDZkN2EtNWI5ZS00ZDg3LTgyNDItMWI5NjVlNmE5ODJiXkEyXkFqcGdeQXVyMjQwMjk0NjI@._V1_.jpg",The Bridges of Madison County,A,135,"Drama, Romance",Photographer Robert Kincaid wanders into the life of housewife Francesca Johnson for four days in the 1960s.,69.0,Clint Eastwood,73172,"71,516,617",1995,7.6,83522,90,69,"Clint Eastwood, Meryl Streep, Annie Corley, Victor Slezak"
"https://m.media-amazon.com/images/M/MV5BNjEzYjJmNzgtNDkwNy00MTQ4LTlmMWMtNzA4YjE2NjI0ZDg4XkEyXkFqcGdeQXVyNjU0OTQ0OTY@._V1_.jpg",Apollo 13,U,140,"Adventure, Drama, History",NASA must devise a strategy to return Apollo 13 to Earth safely after the spacecraft undergoes massive internal damage putting the lives of the three astronauts on board in jeopardy.,77.0,Ron Howard,269197,"173,837,933",1995,7.7,298550,96,77,"Tom Hanks, Bill Paxton, Kevin Bacon, Gary Sinise"
"https://m.media-amazon.com/images/M/MV5BMzFkM2YwOTQtYzk2Mi00N2VlLWE3NTItN2YwNDg1YmY0ZDNmXkEyXkFqcGdeQXVyMTMxODk2OTU@._V1_.jpg",Home Alone,U,103,"Comedy, Family",An eight-year-old troublemaker must protect his house from a pair of burglars when he is accidentally left home alone by his family during Christmas vacation.,63.0,Chris Columbus,488817,"285,761,243",1990,7.7,595952,66,63,"Macaulay Culkin, Joe Pesci, Daniel Stern, John Heard"
"https://m.media-amazon.com/images/M/MV5BN2JlZTBhYTEtZDE3OC00NTA3LTk5NTQtNjg5M2RjODllM2M0XkEyXkFqcGdeQXVyNjk1Njg5NTA@._V1_.jpg",The Little Mermaid,U,83,"Animation, Family, Fantasy",A mermaid princess makes a Faustian bargain in an attempt to become human and win a prince's love.,88.0,Ron Clements,237696,"111,543,479",1989,7.6,267512,92,88,"John Musker, Jodi Benson, Samuel E. Wright, Rene Auberjonois"
"https://m.media-amazon.com/images/M/MV5BMjM1NjE5NjQxN15BMl5BanBnXkFtZTgwMjYzMzQxMDE@._V1_.jpg",Close Encounters of the Third Kind,U,138,"Drama, Sci-Fi","Roy Neary, an electric lineman, watches how his quiet and ordinary daily life turns upside down after a close encounter with a UFO.",90.0,Steven Spielberg,184966,"132,088,635",1977,7.6,204977,94,90,"Richard Dreyfuss, François Truffaut, Teri Garr, Melinda Dillon"
"https://m.media-amazon.com/images/M/MV5BMjAwMTExODExNl5BMl5BanBnXkFtZTgwMjM2MDgyMTE@._V1_.jpg",The Jungle Book,U,78,"Animation, Adventure, Family",Bagheera the Panther and Baloo the Bear have a difficult time trying to convince a boy to leave the jungle for human civilization.,65.0,Wolfgang Reitherman,166409,"141,843,612",2016,7.4,280192,94,77,"Phil Harris, Sebastian Cabot, Louis Prima, Bruce Reitherman"
"https://m.media-amazon.com/images/M/MV5BMjAwMTExODExNl5BMl5BanBnXkFtZTgwMjM2MDgyMTE@._V1_.jpg",The Jungle Book,U,78,"Animation, Adventure, Family",Bagheera the Panther and Baloo the Bear have a difficult time trying to convince a boy to leave the jungle for human civilization.,65.0,Wolfgang Reitherman,166409,"141,843,612",2016,7.4,280192,94,77,"Phil Harris, Sebastian Cabot, Louis Prima, Bruce Reitherman"
